state,period,facility,stage,setting,orders_signed,orders_completed,avg_days_to_completion,median_days_to_completion,pct_within_deadline,pct_within_alt2,pct_within_alt3,report,source_url,source_sha,pdf_page,table_ref
WA,2018-01,ESH,evaluation,inpatient,8.0,,5.9,5.5,70.0,70.0,70.0,Trueblood-Report-2019-02.pdf,(local) Trueblood-Report-2019-02.pdf,29f42cc9a6bb,11,Table 2b
WA,2018-02,ESH,evaluation,inpatient,5.0,,8.0,8.0,14.0,14.0,14.0,Trueblood-Report-2019-02.pdf,(local) Trueblood-Report-2019-02.pdf,29f42cc9a6bb,11,Table 2b
WA,2018-03,ESH,evaluation,inpatient,13.0,,14.9,15.0,6.0,6.0,6.0,Trueblood-Report-2019-02.pdf,(local) Trueblood-Report-2019-02.pdf,29f42cc9a6bb,11,Table 2b
WA,2018-04,ESH,evaluation,inpatient,7.0,12.0,18.8,17.5,0.0,0.0,0.0,Trueblood-Report-2019-05.pdf,(local) Trueblood-Report-2019-05.pdf,48ba75917cc4,11,Table 2b
WA,2018-05,ESH,evaluation,inpatient,11.0,4.0,14.0,15.0,8.0,8.0,8.0,Trueblood-Report-2019-05.pdf,(local) Trueblood-Report-2019-05.pdf,48ba75917cc4,11,Table 2b
WA,2018-06,ESH,evaluation,inpatient,10.0,8.0,24.7,23.0,0.0,0.0,0.0,Trueblood-Report-2019-07.pdf,(local) Trueblood-Report-2019-07.pdf,a2b6ac7e38ef,11,Table 2b
WA,2018-07,ESH,evaluation,inpatient,9.0,12.0,16.7,16.0,20.0,20.0,20.0,Trueblood-Report-2019-07.pdf,(local) Trueblood-Report-2019-07.pdf,a2b6ac7e38ef,11,Table 2b
WA,2018-08,ESH,evaluation,inpatient,9.0,9.0,27.2,33.0,11.0,11.0,11.0,Trueblood-Report-2019-07.pdf,(local) Trueblood-Report-2019-07.pdf,a2b6ac7e38ef,11,Table 2b
WA,2018-09,ESH,evaluation,inpatient,5.0,7.0,21.4,23.0,0.0,0.0,0.0,Trueblood-Report-2019-10.pdf,(local) Trueblood-Report-2019-10.pdf,68a64fa8c402,12,Table 6
WA,2018-10,ESH,evaluation,inpatient,8.0,8.0,13.9,15.5,38.0,38.0,50.0,Trueblood-Report-2019-11.pdf,(local) Trueblood-Report-2019-11.pdf,6ba93df67949,12,Table 6
WA,2018-11,ESH,evaluation,inpatient,13.0,13.0,19.0,18.0,0.0,15.0,15.0,Trueblood-Report-2019-12.pdf,(local) Trueblood-Report-2019-12.pdf,ff3749aafc99,12,Table 6
WA,2018-12,ESH,evaluation,inpatient,16.0,10.0,15.3,14.5,10.0,10.0,20.0,Trueblood-Report-2020-01.pdf,(local) Trueblood-Report-2020-01.pdf,9eb8848df148,13,Table 6
WA,2019-01,ESH,evaluation,inpatient,7.0,11.0,24.2,25.0,0.0,0.0,9.0,Trueblood-Report-2020-02.pdf,(local) Trueblood-Report-2020-02.pdf,2a357dc93979,14,Table 6
WA,2019-02,ESH,evaluation,inpatient,5.0,5.0,17.4,16.0,0.0,0.0,0.0,Trueblood-Report-2020-02.pdf,(local) Trueblood-Report-2020-02.pdf,2a357dc93979,14,Table 6
WA,2019-03,ESH,evaluation,inpatient,15.0,9.0,12.1,1.0,33.0,33.0,56.0,Trueblood-Report-2020-02.pdf,(local) Trueblood-Report-2020-02.pdf,2a357dc93979,14,Table 6
WA,2019-04,ESH,evaluation,inpatient,16.0,8.0,22.5,25.5,13.0,13.0,13.0,Trueblood-Report-2020-02.pdf,(local) Trueblood-Report-2020-02.pdf,2a357dc93979,14,Table 6
WA,2019-05,ESH,evaluation,inpatient,10.0,17.0,39.3,44.0,6.0,6.0,6.0,Trueblood-Report-2020-06.pdf,(local) Trueblood-Report-2020-06.pdf,99295309355d,16,Table 6
WA,2019-06,ESH,evaluation,inpatient,9.0,8.0,47.1,50.5,0.0,0.0,0.0,Trueblood-Report-2020-07.pdf,(local) Trueblood-Report-2020-07.pdf,7f9e598ef9df,16,Table 6
WA,2019-07,ESH,evaluation,inpatient,10.0,11.0,40.3,41.0,0.0,0.0,9.0,Trueblood-Report-2020-07.pdf,(local) Trueblood-Report-2020-07.pdf,7f9e598ef9df,16,Table 6
WA,2019-08,ESH,evaluation,inpatient,9.0,15.0,28.7,21.0,20.0,20.0,20.0,Trueblood-Report-2020-07.pdf,(local) Trueblood-Report-2020-07.pdf,7f9e598ef9df,16,Table 6
WA,2019-09,ESH,evaluation,inpatient,13.0,9.0,24.7,16.0,11.0,11.0,22.0,Trueblood-Report-2020-10.pdf,(local) Trueblood-Report-2020-10.pdf,2bedf0f4cfff,19,Table 6
WA,2019-10,ESH,evaluation,inpatient,6.0,11.0,36.8,41.0,0.0,0.0,9.0,Trueblood-Report-2020-11.pdf,(local) Trueblood-Report-2020-11.pdf,595ab0efa441,19,Table 6
WA,2019-11,ESH,evaluation,inpatient,10.0,8.0,24.5,20.5,13.0,13.0,13.0,Trueblood-Report-2020-12.pdf,(local) Trueblood-Report-2020-12.pdf,197278ce3fbf,18,Table 6
WA,2019-12,ESH,evaluation,inpatient,13.0,11.0,21.6,21.0,18.0,18.0,36.0,Trueblood-Report-2021-01.pdf,(local) Trueblood-Report-2021-01.pdf,ee5f4e460f7b,18,Table 6
WA,2020-01,ESH,evaluation,inpatient,11.0,9.0,19.2,23.0,11.0,11.0,11.0,Trueblood-Report-2021-02.pdf,(local) Trueblood-Report-2021-02.pdf,b54a5a28745c,17,Table 6
WA,2020-02,ESH,evaluation,inpatient,4.0,8.0,26.3,22.0,25.0,25.0,38.0,Trueblood-Report-2021-03.pdf,(local) Trueblood-Report-2021-03.pdf,6b2aa713e0fb,17,Table 6
WA,2020-03,ESH,evaluation,inpatient,7.0,5.0,56.0,56.0,0.0,0.0,0.0,Trueblood-Report-2021-04.pdf,(local) Trueblood-Report-2021-04.pdf,4b588bfa8cf2,17,Table 6
WA,2020-04,ESH,evaluation,inpatient,2.0,4.0,16.8,12.0,50.0,50.0,50.0,Trueblood-Report-2021-05.pdf,(local) Trueblood-Report-2021-05.pdf,0cb3da8cda63,17,Table 6
WA,2020-05,ESH,evaluation,inpatient,3.0,3.0,48.3,44.0,0.0,0.0,0.0,Trueblood-Report-2021-06.pdf,(local) Trueblood-Report-2021-06.pdf,aecc13a6d1dc,17,Table 6
WA,2020-06,ESH,evaluation,inpatient,16.0,2.0,108.0,108.0,0.0,0.0,0.0,Trueblood-Report-2021-07.pdf,(local) Trueblood-Report-2021-07.pdf,5d748b19d1a9,17,Table 6
WA,2020-07,ESH,evaluation,inpatient,13.0,5.0,36.4,28.0,20.0,20.0,40.0,Trueblood-Report-2021-07.pdf,(local) Trueblood-Report-2021-07.pdf,5d748b19d1a9,17,Table 6
WA,2020-08,ESH,evaluation,inpatient,2.0,11.0,66.2,55.0,0.0,0.0,0.0,Trueblood-Report-2021-09.pdf,(local) Trueblood-Report-2021-09.pdf,19b1ac35a2cc,17,Table 6
WA,2020-09,ESH,evaluation,inpatient,11.0,15.0,48.2,62.0,13.0,13.0,13.0,Trueblood-Report-2021-10.pdf,(local) Trueblood-Report-2021-10.pdf,97de982233a3,17,Table 6
WA,2020-10,ESH,evaluation,inpatient,20.0,14.0,40.0,14.5,29.0,36.0,50.0,Trueblood-Report-2021-11.pdf,(local) Trueblood-Report-2021-11.pdf,a4ddd236f8ce,17,Table 6
WA,2020-11,ESH,evaluation,inpatient,12.0,7.0,86.1,84.0,0.0,0.0,0.0,Trueblood-Report-2021-12.pdf,(local) Trueblood-Report-2021-12.pdf,84321c2e419d,17,Table 6
WA,2020-12,ESH,evaluation,inpatient,14.0,19.0,49.8,35.0,0.0,0.0,0.0,Trueblood-Report-2022-01.pdf,(local) Trueblood-Report-2022-01.pdf,80a1c9a9027a,17,Table 6
WA,2021-01,ESH,evaluation,inpatient,17.0,10.0,49.1,40.5,10.0,10.0,20.0,Trueblood-Report-2022-02.pdf,(local) Trueblood-Report-2022-02.pdf,7e0983577785,19,Table 6
WA,2021-02,ESH,evaluation,inpatient,14.0,29.0,46.0,45.0,0.0,0.0,17.0,Trueblood-Report-2022-03.pdf,(local) Trueblood-Report-2022-03.pdf,758295511742,19,Table 6
WA,2021-03,ESH,evaluation,inpatient,23.0,18.0,27.6,22.5,11.0,11.0,17.0,Trueblood-Report-2022-03.pdf,(local) Trueblood-Report-2022-03.pdf,758295511742,19,Table 6
WA,2021-04,ESH,evaluation,inpatient,8.0,22.0,29.9,29.0,5.0,5.0,14.0,Trueblood-Report-2022-05.pdf,(local) Trueblood-Report-2022-05.pdf,6fa242a431c7,19,Table 6
WA,2021-05,ESH,evaluation,inpatient,10.0,8.0,19.3,26.0,13.0,13.0,25.0,Trueblood-Report-2022-06.pdf,(local) Trueblood-Report-2022-06.pdf,fac7ad731caf,19,Table 6
WA,2021-06,ESH,evaluation,inpatient,8.0,11.0,17.8,24.0,0.0,0.0,36.0,Trueblood-Report-2022-07.pdf,(local) Trueblood-Report-2022-07.pdf,1ed794b880ce,19,Table 6
WA,2021-07,ESH,evaluation,inpatient,8.0,8.0,9.4,9.0,13.0,13.0,13.0,Trueblood-Report-2022-08.pdf,(local) Trueblood-Report-2022-08.pdf,76874be56410,19,Table 6
WA,2021-08,ESH,evaluation,inpatient,12.0,5.0,27.6,28.0,20.0,20.0,20.0,Trueblood-Report-2022-09.pdf,(local) Trueblood-Report-2022-09.pdf,74671e617b2c,19,Table 6
WA,2021-09,ESH,evaluation,inpatient,12.0,4.0,38.3,41.0,0.0,0.0,0.0,Trueblood-Report-2022-10.pdf,(local) Trueblood-Report-2022-10.pdf,625cf77b4b24,19,Table 6
WA,2021-10,ESH,evaluation,inpatient,6.0,13.0,50.0,53.0,0.0,0.0,0.0,Trueblood-Report-2022-10.pdf,(local) Trueblood-Report-2022-10.pdf,625cf77b4b24,19,Table 6
WA,2021-11,ESH,evaluation,inpatient,11.0,7.0,22.9,11.0,29.0,29.0,29.0,Trueblood-Report-2022-10.pdf,(local) Trueblood-Report-2022-10.pdf,625cf77b4b24,19,Table 6
WA,2021-12,ESH,evaluation,inpatient,13.0,12.0,54.9,69.0,0.0,0.0,17.0,Trueblood-Report-2023-01.pdf,(local) Trueblood-Report-2023-01.pdf,3a0d5b251edc,19,Table 6
WA,2022-01,ESH,evaluation,inpatient,19.0,7.0,12.7,6.0,29.0,29.0,57.0,Trueblood-Report-2023-02.pdf,(local) Trueblood-Report-2023-02.pdf,7009c637f545,19,Table 6
WA,2022-02,ESH,evaluation,inpatient,8.0,14.0,50.9,52.5,7.0,14.0,14.0,Trueblood-Report-2023-02.pdf,(local) Trueblood-Report-2023-02.pdf,7009c637f545,19,Table 6
WA,2022-03,ESH,evaluation,inpatient,5.0,15.0,66.5,85.0,0.0,0.0,0.0,Trueblood-Report-2023-04.pdf,(local) Trueblood-Report-2023-04.pdf,1a09abe029a9,19,Table 6
WA,2022-04,ESH,evaluation,inpatient,15.0,9.0,45.0,64.0,11.0,22.0,33.0,Trueblood-Report-2023-05.pdf,(local) Trueblood-Report-2023-05.pdf,485d112f4341,19,Table 6
WA,2022-05,ESH,evaluation,inpatient,8.0,10.0,28.1,19.0,10.0,10.0,20.0,Trueblood-Report-2023-06.pdf,(local) Trueblood-Report-2023-06.pdf,69cb8ee59778,20,Table 6
WA,2022-06,ESH,evaluation,inpatient,12.0,7.0,44.7,12.0,0.0,0.0,0.0,Trueblood-Report-2023-06.pdf,(local) Trueblood-Report-2023-06.pdf,69cb8ee59778,20,Table 6
WA,2022-07,ESH,evaluation,inpatient,15.0,10.0,55.7,43.0,30.0,30.0,30.0,Trueblood-Report-2023-08.pdf,(local) Trueblood-Report-2023-08.pdf,db59247b803f,20,Table 6
WA,2022-08,ESH,evaluation,inpatient,17.0,15.0,26.9,29.0,13.0,13.0,20.0,Trueblood-Report-2023-09.pdf,(local) Trueblood-Report-2023-09.pdf,f8377cdfa1b9,20,Table 6
WA,2022-09,ESH,evaluation,inpatient,23.0,21.0,55.1,49.0,5.0,5.0,14.0,Trueblood-Report-2023-10.pdf,(local) Trueblood-Report-2023-10.pdf,f047e00db7ce,20,Table 6
WA,2022-10,ESH,evaluation,inpatient,9.0,15.0,73.9,36.0,0.0,0.0,0.0,Trueblood-Report-2023-11.pdf,(local) Trueblood-Report-2023-11.pdf,15755243894b,20,Table 6
WA,2022-11,ESH,evaluation,inpatient,10.0,5.0,84.2,77.0,0.0,0.0,0.0,Trueblood-Report-2023-12.pdf,(local) Trueblood-Report-2023-12.pdf,5bbaa732398b,20,Table 6
WA,2022-12,ESH,evaluation,inpatient,6.0,8.0,118.3,140.0,13.0,13.0,13.0,Trueblood-Report-2024-01.pdf,(local) Trueblood-Report-2024-01.pdf,8133c8ee7330,20,Table 6
WA,2023-01,ESH,evaluation,inpatient,10.0,9.0,62.4,48.0,11.0,11.0,11.0,Trueblood-Report-2024-02.pdf,(local) Trueblood-Report-2024-02.pdf,fd865b0cb050,20,Table 6
WA,2023-02,ESH,evaluation,inpatient,7.0,7.0,105.6,106.0,0.0,0.0,0.0,Trueblood-Report-2024-03.pdf,(local) Trueblood-Report-2024-03.pdf,549e58928e44,20,Table 6
WA,2023-03,ESH,evaluation,inpatient,6.0,18.0,99.4,115.0,0.0,0.0,0.0,Trueblood-Report-2024-04.pdf,(local) Trueblood-Report-2024-04.pdf,5636183a032d,20,Table 6
WA,2023-04,ESH,evaluation,inpatient,3.0,11.0,107.9,113.0,0.0,0.0,0.0,Trueblood-Report-2024-05.pdf,(local) Trueblood-Report-2024-05.pdf,ca3168328dcc,20,Table 6
WA,2023-05,ESH,evaluation,inpatient,4.0,8.0,66.0,54.0,0.0,0.0,0.0,Trueblood-Report-2024-05.pdf,(local) Trueblood-Report-2024-05.pdf,ca3168328dcc,20,Table 6
WA,2023-06,ESH,evaluation,inpatient,3.0,7.0,21.0,11.0,43.0,43.0,43.0,Trueblood-Report-2024-05.pdf,(local) Trueblood-Report-2024-05.pdf,ca3168328dcc,20,Table 6
WA,2023-07,ESH,evaluation,inpatient,4.0,2.0,38.5,38.5,0.0,0.0,0.0,Trueblood-Report-2024-08.pdf,(local) Trueblood-Report-2024-08.pdf,14009159338a,20,Table 6
WA,2023-08,ESH,evaluation,inpatient,7.0,3.0,10.7,6.0,67.0,67.0,67.0,Trueblood-Report-2024-09.pdf,(local) Trueblood-Report-2024-09.pdf,3bfc640f8b9d,20,Table 6
WA,2023-09,ESH,evaluation,inpatient,3.0,3.0,42.3,49.0,0.0,0.0,0.0,Trueblood-Report-2024-10.pdf,(local) Trueblood-Report-2024-10.pdf,46d3b90ae09f,21,Table 6
WA,2023-10,ESH,evaluation,inpatient,4.0,6.0,46.2,51.5,0.0,0.0,0.0,Trueblood-Report-2024-11.pdf,(local) Trueblood-Report-2024-11.pdf,53aaf66ede40,21,Table 7
WA,2023-11,ESH,evaluation,inpatient,0.0,4.0,32.3,29.5,0.0,0.0,0.0,Trueblood-Report-2024-12.pdf,(local) Trueblood-Report-2024-12.pdf,faf2ed19cc54,27,Table 7
WA,2023-12,ESH,evaluation,inpatient,4.0,2.0,30.0,30.0,0.0,0.0,0.0,Trueblood-Report-2025-01.pdf,(local) Trueblood-Report-2025-01.pdf,901f55094ef0,27,Table 7
WA,2024-01,ESH,evaluation,inpatient,0.0,2.0,49.0,49.0,0.0,0.0,0.0,Trueblood-Report-2025-02.pdf,(local) Trueblood-Report-2025-02.pdf,265ae906e2cb,27,Table 7
WA,2024-02,ESH,evaluation,inpatient,6.0,3.0,17.0,10.0,33.0,33.0,33.0,Trueblood-Report-2025-03.pdf,(local) Trueblood-Report-2025-03.pdf,07ce04aa2201,27,Table 7
WA,2024-03,ESH,evaluation,inpatient,9.0,12.0,9.5,9.0,42.0,42.0,42.0,Trueblood-Report-2025-04.pdf,(local) Trueblood-Report-2025-04.pdf,ccf190df18c8,27,Table 7
WA,2024-04,ESH,evaluation,inpatient,5.0,6.0,6.3,7.0,83.0,83.0,83.0,Trueblood-Report-2025-05.pdf,(local) Trueblood-Report-2025-05.pdf,3476aedc530f,27,Table 7
WA,2024-05,ESH,evaluation,inpatient,6.0,4.0,6.8,6.5,75.0,75.0,75.0,Trueblood-Report-2025-06.pdf,(local) Trueblood-Report-2025-06.pdf,eb0f8715a502,27,Table 7
WA,2024-06,ESH,evaluation,inpatient,4.0,5.0,6.2,6.0,40.0,60.0,80.0,Trueblood-Report-2025-07.pdf,(local) Trueblood-Report-2025-07.pdf,3593428da632,27,Table 7
WA,2024-07,ESH,evaluation,inpatient,11.0,11.0,3.4,3.0,100.0,100.0,100.0,Trueblood-Report-2025-08.pdf,(local) Trueblood-Report-2025-08.pdf,4e61c15429a2,28,Table 7
WA,2024-08,ESH,evaluation,inpatient,10.0,8.0,6.0,6.5,75.0,100.0,100.0,Trueblood-Report-2025-09.pdf,(local) Trueblood-Report-2025-09.pdf,b967b422d8e7,29,Table 7
WA,2024-09,ESH,evaluation,inpatient,5.0,8.0,6.9,4.5,63.0,63.0,63.0,Trueblood-Report-2025-10.pdf,(local) Trueblood-Report-2025-10.pdf,576a95fe6dda,29,Table 7
WA,2024-10,ESH,evaluation,inpatient,3.0,2.0,5.0,5.0,100.0,100.0,100.0,Trueblood-Report-2025-11.pdf,(local) Trueblood-Report-2025-11.pdf,c4932d189f27,29,Table 7
WA,2024-11,ESH,evaluation,inpatient,9.0,8.0,7.0,7.0,75.0,75.0,75.0,Trueblood-Report-2025-12.pdf,(local) Trueblood-Report-2025-12.pdf,c2cca9e44936,29,Table 7
WA,2024-12,ESH,evaluation,inpatient,10.0,11.0,4.6,4.0,82.0,100.0,100.0,Trueblood-Report-2025-12.pdf,(local) Trueblood-Report-2025-12.pdf,c2cca9e44936,29,Table 7
WA,2025-01,ESH,evaluation,inpatient,11.0,10.0,5.0,5.0,70.0,90.0,100.0,Trueblood-Report-2026-02.pdf,(local) Trueblood-Report-2026-02.pdf,62cb0b228080,29,Table 7
WA,2025-02,ESH,evaluation,inpatient,12.0,10.0,6.1,6.5,80.0,90.0,90.0,Trueblood-Report-2026-03.pdf,(local) Trueblood-Report-2026-03.pdf,f84492e7b4b1,30,Table 7
WA,2025-03,ESH,evaluation,inpatient,3.0,7.0,10.3,6.0,57.0,57.0,71.0,Trueblood-Report-2026-04.pdf,(local) Trueblood-Report-2026-04.pdf,bb022575e7bf,30,Table 7
WA,2025-04,ESH,evaluation,inpatient,6.0,6.0,4.7,4.5,100.0,100.0,100.0,Trueblood-Report-2026-05.pdf,(local) Trueblood-Report-2026-05.pdf,8494818a4829,29,Table 7
WA,2025-05,ESH,evaluation,inpatient,8.0,6.0,4.5,4.0,67.0,67.0,100.0,Trueblood-Report-2026-06.pdf,(local) Trueblood-Report-2026-06.pdf,1f7fce53996c,29,Table 7
WA,2025-06,ESH,evaluation,inpatient,1.0,3.0,4.7,5.0,100.0,100.0,100.0,Trueblood-Report-2026-06.pdf,(local) Trueblood-Report-2026-06.pdf,1f7fce53996c,29,Table 7
WA,2025-07,ESH,evaluation,inpatient,8.0,8.0,5.1,6.0,100.0,100.0,100.0,Trueblood-Report-2026-06.pdf,(local) Trueblood-Report-2026-06.pdf,1f7fce53996c,29,Table 7
WA,2025-08,ESH,evaluation,inpatient,15.0,14.0,4.9,5.0,100.0,100.0,100.0,Trueblood-Report-2026-06.pdf,(local) Trueblood-Report-2026-06.pdf,1f7fce53996c,29,Table 7
WA,2025-09,ESH,evaluation,inpatient,11.0,12.0,4.2,3.5,83.0,92.0,92.0,Trueblood-Report-2026-06.pdf,(local) Trueblood-Report-2026-06.pdf,1f7fce53996c,29,Table 7
WA,2025-10,ESH,evaluation,inpatient,9.0,8.0,6.1,6.0,88.0,100.0,100.0,Trueblood-Report-2026-06.pdf,(local) Trueblood-Report-2026-06.pdf,1f7fce53996c,29,Table 7
WA,2025-11,ESH,evaluation,inpatient,8.0,7.0,5.6,6.0,86.0,100.0,100.0,Trueblood-Report-2026-06.pdf,(local) Trueblood-Report-2026-06.pdf,1f7fce53996c,29,Table 7
WA,2025-12,ESH,evaluation,inpatient,7.0,9.0,10.2,6.0,78.0,78.0,78.0,Trueblood-Report-2026-06.pdf,(local) Trueblood-Report-2026-06.pdf,1f7fce53996c,29,Table 7
WA,2026-01,ESH,evaluation,inpatient,11.0,10.0,4.4,5.0,90.0,90.0,90.0,Trueblood-Report-2026-06.pdf,(local) Trueblood-Report-2026-06.pdf,1f7fce53996c,29,Table 7
WA,2026-02,ESH,evaluation,inpatient,4.0,3.0,3.7,4.0,100.0,100.0,100.0,Trueblood-Report-2026-06.pdf,(local) Trueblood-Report-2026-06.pdf,1f7fce53996c,29,Table 7
WA,2026-03,ESH,evaluation,inpatient,10.0,9.0,3.8,4.0,100.0,100.0,100.0,Trueblood-Report-2026-06.pdf,(local) Trueblood-Report-2026-06.pdf,1f7fce53996c,29,Table 7
WA,2026-04,ESH,evaluation,inpatient,9.0,10.0,4.2,3.5,90.0,100.0,100.0,Trueblood-Report-2026-06.pdf,(local) Trueblood-Report-2026-06.pdf,1f7fce53996c,29,Table 7
WA,2026-05,ESH,evaluation,inpatient,8.0,8.0,7.5,3.5,75.0,88.0,88.0,Trueblood-Report-2026-06.pdf,(local) Trueblood-Report-2026-06.pdf,1f7fce53996c,29,Table 7
WA,2018-01,ESH,evaluation,jail,73.0,,12.7,13.0,61.0,64.0,64.0,Trueblood-Report-2019-02.pdf,(local) Trueblood-Report-2019-02.pdf,29f42cc9a6bb,10,Table 2a
WA,2018-02,ESH,evaluation,jail,65.0,,10.9,11.0,59.0,61.0,61.0,Trueblood-Report-2019-03.pdf,(local) Trueblood-Report-2019-03.pdf,59180600b458,10,Table 2a
WA,2018-03,ESH,evaluation,jail,75.0,,11.9,12.5,55.0,59.0,59.0,Trueblood-Report-2019-03.pdf,(local) Trueblood-Report-2019-03.pdf,59180600b458,10,Table 2a
WA,2018-04,ESH,evaluation,jail,51.0,62.0,14.0,13.0,52.0,55.0,56.0,Trueblood-Report-2019-05.pdf,(local) Trueblood-Report-2019-05.pdf,48ba75917cc4,10,Table 2a
WA,2018-05,ESH,evaluation,jail,63.0,57.0,14.0,13.0,45.0,47.0,47.0,Trueblood-Report-2019-06.pdf,(local) Trueblood-Report-2019-06.pdf,df2a0b64b835,10,Table 2a
WA,2018-06,ESH,evaluation,jail,68.0,59.0,14.3,14.0,39.0,45.0,45.0,Trueblood-Report-2019-07.pdf,(local) Trueblood-Report-2019-07.pdf,a2b6ac7e38ef,10,Table 2a
WA,2018-07,ESH,evaluation,jail,70.0,76.0,12.5,13.0,51.0,53.0,54.0,Trueblood-Report-2019-08.pdf,(local) Trueblood-Report-2019-08.pdf,c3e0e3ae6c94,11,Table 2a
WA,2018-08,ESH,evaluation,jail,79.0,61.0,11.8,12.0,84.0,90.0,90.0,Trueblood-Report-2019-08.pdf,(local) Trueblood-Report-2019-08.pdf,c3e0e3ae6c94,11,Table 2a
WA,2018-09,ESH,evaluation,jail,59.0,68.0,15.5,14.0,57.0,65.0,65.0,Trueblood-Report-2019-10.pdf,(local) Trueblood-Report-2019-10.pdf,68a64fa8c402,11,Table 5
WA,2018-10,ESH,evaluation,jail,87.0,81.0,13.0,13.0,70.0,79.0,79.0,Trueblood-Report-2019-11.pdf,(local) Trueblood-Report-2019-11.pdf,6ba93df67949,11,Table 5
WA,2018-11,ESH,evaluation,jail,62.0,60.0,13.6,14.0,60.0,67.0,68.0,Trueblood-Report-2019-12.pdf,(local) Trueblood-Report-2019-12.pdf,ff3749aafc99,11,Table 5
WA,2018-12,ESH,evaluation,jail,56.0,79.0,13.8,13.0,70.0,76.0,77.0,Trueblood-Report-2020-01.pdf,(local) Trueblood-Report-2020-01.pdf,9eb8848df148,12,Table 5
WA,2019-01,ESH,evaluation,jail,67.0,55.0,10.6,9.0,73.0,75.0,78.0,Trueblood-Report-2020-02.pdf,(local) Trueblood-Report-2020-02.pdf,2a357dc93979,13,Table 5
WA,2019-02,ESH,evaluation,jail,61.0,57.0,14.3,14.0,60.0,70.0,70.0,Trueblood-Report-2020-02.pdf,(local) Trueblood-Report-2020-02.pdf,2a357dc93979,13,Table 5
WA,2019-03,ESH,evaluation,jail,73.0,64.0,15.5,14.0,59.0,70.0,72.0,Trueblood-Report-2020-02.pdf,(local) Trueblood-Report-2020-02.pdf,2a357dc93979,13,Table 5
WA,2019-04,ESH,evaluation,jail,69.0,77.0,13.0,13.0,68.0,71.0,77.0,Trueblood-Report-2020-02.pdf,(local) Trueblood-Report-2020-02.pdf,2a357dc93979,13,Table 5
WA,2019-05,ESH,evaluation,jail,84.0,77.0,12.8,13.0,81.0,87.0,87.0,Trueblood-Report-2020-06.pdf,(local) Trueblood-Report-2020-06.pdf,99295309355d,15,Table 5
WA,2019-06,ESH,evaluation,jail,95.0,95.0,13.2,14.0,68.0,71.0,78.0,Trueblood-Report-2020-07.pdf,(local) Trueblood-Report-2020-07.pdf,7f9e598ef9df,15,Table 5
WA,2019-07,ESH,evaluation,jail,80.0,86.0,16.3,15.0,43.0,51.0,58.0,Trueblood-Report-2020-07.pdf,(local) Trueblood-Report-2020-07.pdf,7f9e598ef9df,15,Table 5
WA,2019-08,ESH,evaluation,jail,83.0,86.0,11.0,10.0,70.0,71.0,84.0,Trueblood-Report-2020-07.pdf,(local) Trueblood-Report-2020-07.pdf,7f9e598ef9df,15,Table 5
WA,2019-09,ESH,evaluation,jail,85.0,75.0,11.7,12.0,73.0,81.0,85.0,Trueblood-Report-2020-10.pdf,(local) Trueblood-Report-2020-10.pdf,2bedf0f4cfff,18,Table 5
WA,2019-10,ESH,evaluation,jail,95.0,101.0,12.1,13.0,67.0,77.0,86.0,Trueblood-Report-2020-11.pdf,(local) Trueblood-Report-2020-11.pdf,595ab0efa441,18,Table 5
WA,2019-11,ESH,evaluation,jail,76.0,75.0,14.4,13.0,63.0,71.0,76.0,Trueblood-Report-2020-12.pdf,(local) Trueblood-Report-2020-12.pdf,197278ce3fbf,17,Table 5
WA,2019-12,ESH,evaluation,jail,68.0,82.0,13.6,14.0,52.0,60.0,63.0,Trueblood-Report-2021-01.pdf,(local) Trueblood-Report-2021-01.pdf,ee5f4e460f7b,17,Table 5
WA,2020-01,ESH,evaluation,jail,82.0,75.0,13.1,13.0,63.0,72.0,79.0,Trueblood-Report-2021-02.pdf,(local) Trueblood-Report-2021-02.pdf,b54a5a28745c,16,Table 5
WA,2020-02,ESH,evaluation,jail,67.0,66.0,11.4,12.5,68.0,71.0,73.0,Trueblood-Report-2021-03.pdf,(local) Trueblood-Report-2021-03.pdf,6b2aa713e0fb,16,Table 5
WA,2020-03,ESH,evaluation,jail,60.0,69.0,12.8,13.0,74.0,77.0,80.0,Trueblood-Report-2021-04.pdf,(local) Trueblood-Report-2021-04.pdf,4b588bfa8cf2,16,Table 5
WA,2020-04,ESH,evaluation,jail,21.0,34.0,11.3,9.5,85.0,88.0,91.0,Trueblood-Report-2021-05.pdf,(local) Trueblood-Report-2021-05.pdf,0cb3da8cda63,16,Table 5
WA,2020-05,ESH,evaluation,jail,39.0,31.0,11.0,8.0,90.0,90.0,90.0,Trueblood-Report-2021-06.pdf,(local) Trueblood-Report-2021-06.pdf,aecc13a6d1dc,16,Table 5
WA,2020-06,ESH,evaluation,jail,47.0,32.0,11.2,10.5,72.0,75.0,88.0,Trueblood-Report-2021-07.pdf,(local) Trueblood-Report-2021-07.pdf,5d748b19d1a9,16,Table 5
WA,2020-07,ESH,evaluation,jail,53.0,65.0,12.7,10.0,71.0,74.0,88.0,Trueblood-Report-2021-07.pdf,(local) Trueblood-Report-2021-07.pdf,5d748b19d1a9,16,Table 5
WA,2020-08,ESH,evaluation,jail,68.0,47.0,14.4,10.0,70.0,72.0,79.0,Trueblood-Report-2021-09.pdf,(local) Trueblood-Report-2021-09.pdf,19b1ac35a2cc,16,Table 5
WA,2020-09,ESH,evaluation,jail,79.0,86.0,12.3,9.5,77.0,77.0,85.0,Trueblood-Report-2021-10.pdf,(local) Trueblood-Report-2021-10.pdf,97de982233a3,16,Table 5
WA,2020-10,ESH,evaluation,jail,74.0,81.0,14.1,11.0,77.0,78.0,86.0,Trueblood-Report-2021-11.pdf,(local) Trueblood-Report-2021-11.pdf,a4ddd236f8ce,16,Table 5
WA,2020-11,ESH,evaluation,jail,68.0,62.0,11.6,12.0,77.0,79.0,85.0,Trueblood-Report-2021-12.pdf,(local) Trueblood-Report-2021-12.pdf,84321c2e419d,16,Table 5
WA,2020-12,ESH,evaluation,jail,50.0,62.0,14.1,12.5,58.0,65.0,71.0,Trueblood-Report-2022-01.pdf,(local) Trueblood-Report-2022-01.pdf,80a1c9a9027a,16,Table 5
WA,2021-01,ESH,evaluation,jail,81.0,76.0,12.9,13.0,70.0,76.0,83.0,Trueblood-Report-2022-02.pdf,(local) Trueblood-Report-2022-02.pdf,7e0983577785,18,Table 5
WA,2021-02,ESH,evaluation,jail,80.0,72.0,12.8,13.0,65.0,76.0,82.0,Trueblood-Report-2022-03.pdf,(local) Trueblood-Report-2022-03.pdf,758295511742,18,Table 5
WA,2021-03,ESH,evaluation,jail,83.0,81.0,12.0,11.0,68.0,78.0,88.0,Trueblood-Report-2022-04.pdf,(local) Trueblood-Report-2022-04.pdf,86a0c06b80b5,18,Table 5
WA,2021-04,ESH,evaluation,jail,62.0,76.0,14.0,13.0,70.0,70.0,80.0,Trueblood-Report-2022-05.pdf,(local) Trueblood-Report-2022-05.pdf,6fa242a431c7,18,Table 5
WA,2021-05,ESH,evaluation,jail,86.0,64.0,11.8,12.0,77.0,88.0,88.0,Trueblood-Report-2022-06.pdf,(local) Trueblood-Report-2022-06.pdf,fac7ad731caf,18,Table 5
WA,2021-06,ESH,evaluation,jail,102.0,99.0,12.5,13.0,63.0,73.0,83.0,Trueblood-Report-2022-07.pdf,(local) Trueblood-Report-2022-07.pdf,1ed794b880ce,18,Table 5
WA,2021-07,ESH,evaluation,jail,103.0,115.0,13.8,14.0,57.0,58.0,68.0,Trueblood-Report-2022-08.pdf,(local) Trueblood-Report-2022-08.pdf,76874be56410,18,Table 5
WA,2021-08,ESH,evaluation,jail,119.0,96.0,13.2,14.0,58.0,68.0,76.0,Trueblood-Report-2022-09.pdf,(local) Trueblood-Report-2022-09.pdf,74671e617b2c,18,Table 5
WA,2021-09,ESH,evaluation,jail,95.0,98.0,16.4,14.0,51.0,55.0,61.0,Trueblood-Report-2022-10.pdf,(local) Trueblood-Report-2022-10.pdf,625cf77b4b24,18,Table 5
WA,2021-10,ESH,evaluation,jail,93.0,102.0,15.1,14.0,53.0,59.0,71.0,Trueblood-Report-2022-10.pdf,(local) Trueblood-Report-2022-10.pdf,625cf77b4b24,18,Table 5
WA,2021-11,ESH,evaluation,jail,105.0,94.0,14.0,14.0,69.0,73.0,80.0,Trueblood-Report-2022-10.pdf,(local) Trueblood-Report-2022-10.pdf,625cf77b4b24,18,Table 5
WA,2021-12,ESH,evaluation,jail,108.0,107.0,15.4,14.0,47.0,64.0,74.0,Trueblood-Report-2023-01.pdf,(local) Trueblood-Report-2023-01.pdf,3a0d5b251edc,18,Table 5
WA,2022-01,ESH,evaluation,jail,94.0,100.0,19.7,16.0,30.0,40.0,50.0,Trueblood-Report-2023-02.pdf,(local) Trueblood-Report-2023-02.pdf,7009c637f545,18,Table 5
WA,2022-02,ESH,evaluation,jail,114.0,74.0,20.9,18.5,27.0,28.0,28.0,Trueblood-Report-2023-02.pdf,(local) Trueblood-Report-2023-02.pdf,7009c637f545,18,Table 5
WA,2022-03,ESH,evaluation,jail,132.0,151.0,16.9,16.0,32.0,41.0,46.0,Trueblood-Report-2023-04.pdf,(local) Trueblood-Report-2023-04.pdf,1a09abe029a9,18,Table 5
WA,2022-04,ESH,evaluation,jail,133.0,116.0,16.2,16.0,38.0,49.0,54.0,Trueblood-Report-2023-05.pdf,(local) Trueblood-Report-2023-05.pdf,485d112f4341,18,Table 5
WA,2022-05,ESH,evaluation,jail,109.0,129.0,17.9,15.0,45.0,50.0,55.0,Trueblood-Report-2023-06.pdf,(local) Trueblood-Report-2023-06.pdf,69cb8ee59778,19,Table 5
WA,2022-06,ESH,evaluation,jail,159.0,116.0,20.3,17.0,31.0,36.0,50.0,Trueblood-Report-2023-07.pdf,(local) Trueblood-Report-2023-07.pdf,d9268a6683f3,19,Table 5
WA,2022-07,ESH,evaluation,jail,159.0,151.0,21.1,22.0,23.0,23.0,48.0,Trueblood-Report-2023-08.pdf,(local) Trueblood-Report-2023-08.pdf,db59247b803f,19,Table 5
WA,2022-08,ESH,evaluation,jail,152.0,173.0,20.1,20.0,21.0,24.0,37.0,Trueblood-Report-2023-09.pdf,(local) Trueblood-Report-2023-09.pdf,f8377cdfa1b9,19,Table 5
WA,2022-09,ESH,evaluation,jail,100.0,127.0,21.9,21.0,22.0,24.0,24.0,Trueblood-Report-2023-10.pdf,(local) Trueblood-Report-2023-10.pdf,f047e00db7ce,19,Table 5
WA,2022-10,ESH,evaluation,jail,95.0,107.0,23.7,21.0,22.0,25.0,30.0,Trueblood-Report-2023-11.pdf,(local) Trueblood-Report-2023-11.pdf,15755243894b,19,Table 5
WA,2022-11,ESH,evaluation,jail,99.0,106.0,17.7,14.0,52.0,54.0,55.0,Trueblood-Report-2023-12.pdf,(local) Trueblood-Report-2023-12.pdf,5bbaa732398b,19,Table 5
WA,2022-12,ESH,evaluation,jail,102.0,115.0,14.7,14.0,56.0,58.0,65.0,Trueblood-Report-2024-01.pdf,(local) Trueblood-Report-2024-01.pdf,8133c8ee7330,19,Table 5
WA,2023-01,ESH,evaluation,jail,109.0,89.0,16.1,14.0,53.0,65.0,72.0,Trueblood-Report-2024-02.pdf,(local) Trueblood-Report-2024-02.pdf,fd865b0cb050,19,Table 5
WA,2023-02,ESH,evaluation,jail,94.0,104.0,14.6,14.0,56.0,75.0,85.0,Trueblood-Report-2024-03.pdf,(local) Trueblood-Report-2024-03.pdf,549e58928e44,19,Table 5
WA,2023-03,ESH,evaluation,jail,110.0,95.0,15.5,14.0,61.0,77.0,78.0,Trueblood-Report-2024-04.pdf,(local) Trueblood-Report-2024-04.pdf,5636183a032d,19,Table 5
WA,2023-04,ESH,evaluation,jail,100.0,123.0,17.1,14.0,55.0,68.0,70.0,Trueblood-Report-2024-05.pdf,(local) Trueblood-Report-2024-05.pdf,ca3168328dcc,19,Table 5
WA,2023-05,ESH,evaluation,jail,96.0,99.0,13.6,14.0,66.0,83.0,83.0,Trueblood-Report-2024-05.pdf,(local) Trueblood-Report-2024-05.pdf,ca3168328dcc,19,Table 5
WA,2023-06,ESH,evaluation,jail,94.0,91.0,14.0,14.0,67.0,80.0,81.0,Trueblood-Report-2024-05.pdf,(local) Trueblood-Report-2024-05.pdf,ca3168328dcc,19,Table 5
WA,2023-07,ESH,evaluation,jail,101.0,87.0,15.4,14.0,64.0,72.0,75.0,Trueblood-Report-2024-08.pdf,(local) Trueblood-Report-2024-08.pdf,14009159338a,19,Table 5
WA,2023-08,ESH,evaluation,jail,118.0,130.0,15.1,14.0,66.0,78.0,81.0,Trueblood-Report-2024-09.pdf,(local) Trueblood-Report-2024-09.pdf,3bfc640f8b9d,19,Table 5
WA,2023-09,ESH,evaluation,jail,79.0,88.0,14.1,14.0,64.0,76.0,78.0,Trueblood-Report-2024-10.pdf,(local) Trueblood-Report-2024-10.pdf,46d3b90ae09f,20,Table 5
WA,2023-10,ESH,evaluation,jail,74.0,79.0,14.4,14.0,67.0,76.0,77.0,Trueblood-Report-2024-11.pdf,(local) Trueblood-Report-2024-11.pdf,53aaf66ede40,20,Table 6
WA,2023-11,ESH,evaluation,jail,92.0,86.0,15.1,14.0,71.0,81.0,83.0,Trueblood-Report-2024-12.pdf,(local) Trueblood-Report-2024-12.pdf,faf2ed19cc54,25,Table 6
WA,2023-12,ESH,evaluation,jail,85.0,84.0,13.8,14.0,67.0,80.0,83.0,Trueblood-Report-2025-01.pdf,(local) Trueblood-Report-2025-01.pdf,901f55094ef0,25,Table 6
WA,2024-01,ESH,evaluation,jail,96.0,87.0,13.8,14.0,63.0,79.0,80.0,Trueblood-Report-2025-02.pdf,(local) Trueblood-Report-2025-02.pdf,265ae906e2cb,25,Table 6
WA,2024-02,ESH,evaluation,jail,92.0,109.0,13.6,14.0,69.0,79.0,79.0,Trueblood-Report-2025-03.pdf,(local) Trueblood-Report-2025-03.pdf,07ce04aa2201,25,Table 6
WA,2024-03,ESH,evaluation,jail,88.0,86.0,11.3,11.0,77.0,92.0,95.0,Trueblood-Report-2025-04.pdf,(local) Trueblood-Report-2025-04.pdf,ccf190df18c8,25,Table 6
WA,2024-04,ESH,evaluation,jail,100.0,94.0,10.1,10.0,89.0,97.0,100.0,Trueblood-Report-2025-05.pdf,(local) Trueblood-Report-2025-05.pdf,3476aedc530f,25,Table 6
WA,2024-05,ESH,evaluation,jail,103.0,97.0,10.5,13.0,81.0,98.0,100.0,Trueblood-Report-2025-06.pdf,(local) Trueblood-Report-2025-06.pdf,eb0f8715a502,25,Table 6
WA,2024-06,ESH,evaluation,jail,99.0,114.0,10.1,11.0,89.0,99.0,100.0,Trueblood-Report-2025-07.pdf,(local) Trueblood-Report-2025-07.pdf,3593428da632,25,Table 6
WA,2024-07,ESH,evaluation,jail,132.0,120.0,9.9,9.5,84.0,96.0,99.0,Trueblood-Report-2025-08.pdf,(local) Trueblood-Report-2025-08.pdf,4e61c15429a2,26,Table 6
WA,2024-08,ESH,evaluation,jail,120.0,118.0,10.6,12.0,86.0,99.0,100.0,Trueblood-Report-2025-09.pdf,(local) Trueblood-Report-2025-09.pdf,b967b422d8e7,27,Table 6
WA,2024-09,ESH,evaluation,jail,96.0,105.0,11.2,13.0,80.0,97.0,99.0,Trueblood-Report-2025-10.pdf,(local) Trueblood-Report-2025-10.pdf,576a95fe6dda,27,Table 6
WA,2024-10,ESH,evaluation,jail,126.0,110.0,10.2,11.0,90.0,100.0,100.0,Trueblood-Report-2025-11.pdf,(local) Trueblood-Report-2025-11.pdf,c4932d189f27,27,Table 6
WA,2024-11,ESH,evaluation,jail,78.0,92.0,11.8,13.0,85.0,93.0,100.0,Trueblood-Report-2025-12.pdf,(local) Trueblood-Report-2025-12.pdf,c2cca9e44936,27,Table 6
WA,2024-12,ESH,evaluation,jail,99.0,107.0,10.8,12.0,87.0,99.0,100.0,Trueblood-Report-2025-12.pdf,(local) Trueblood-Report-2025-12.pdf,c2cca9e44936,27,Table 6
WA,2025-01,ESH,evaluation,jail,107.0,88.0,11.4,12.5,86.0,99.0,99.0,Trueblood-Report-2026-02.pdf,(local) Trueblood-Report-2026-02.pdf,62cb0b228080,27,Table 6
WA,2025-02,ESH,evaluation,jail,96.0,89.0,11.9,13.0,87.0,100.0,100.0,Trueblood-Report-2026-03.pdf,(local) Trueblood-Report-2026-03.pdf,f84492e7b4b1,28,Table 6
WA,2025-03,ESH,evaluation,jail,116.0,122.0,11.6,13.0,88.0,99.0,100.0,Trueblood-Report-2026-04.pdf,(local) Trueblood-Report-2026-04.pdf,bb022575e7bf,28,Table 6
WA,2025-04,ESH,evaluation,jail,102.0,116.0,11.1,12.0,89.0,98.0,100.0,Trueblood-Report-2026-05.pdf,(local) Trueblood-Report-2026-05.pdf,8494818a4829,27,Table 6
WA,2025-05,ESH,evaluation,jail,85.0,76.0,11.4,13.0,86.0,93.0,100.0,Trueblood-Report-2026-06.pdf,(local) Trueblood-Report-2026-06.pdf,1f7fce53996c,27,Table 6
WA,2025-06,ESH,evaluation,jail,96.0,106.0,10.6,12.0,89.0,100.0,100.0,Trueblood-Report-2026-06.pdf,(local) Trueblood-Report-2026-06.pdf,1f7fce53996c,27,Table 6
WA,2025-07,ESH,evaluation,jail,101.0,97.0,10.9,13.0,88.0,100.0,100.0,Trueblood-Report-2026-06.pdf,(local) Trueblood-Report-2026-06.pdf,1f7fce53996c,27,Table 6
WA,2025-08,ESH,evaluation,jail,109.0,88.0,11.3,13.0,89.0,100.0,100.0,Trueblood-Report-2026-06.pdf,(local) Trueblood-Report-2026-06.pdf,1f7fce53996c,27,Table 6
WA,2025-09,ESH,evaluation,jail,89.0,115.0,12.0,13.0,90.0,99.0,99.0,Trueblood-Report-2026-06.pdf,(local) Trueblood-Report-2026-06.pdf,1f7fce53996c,27,Table 6
WA,2025-10,ESH,evaluation,jail,82.0,78.0,12.2,14.0,76.0,100.0,100.0,Trueblood-Report-2026-06.pdf,(local) Trueblood-Report-2026-06.pdf,1f7fce53996c,27,Table 6
WA,2025-11,ESH,evaluation,jail,75.0,80.0,11.8,14.0,84.0,98.0,100.0,Trueblood-Report-2026-06.pdf,(local) Trueblood-Report-2026-06.pdf,1f7fce53996c,27,Table 6
WA,2025-12,ESH,evaluation,jail,108.0,101.0,10.9,12.0,95.0,98.0,99.0,Trueblood-Report-2026-06.pdf,(local) Trueblood-Report-2026-06.pdf,1f7fce53996c,27,Table 6
WA,2026-01,ESH,evaluation,jail,100.0,94.0,12.1,14.0,81.0,97.0,98.0,Trueblood-Report-2026-06.pdf,(local) Trueblood-Report-2026-06.pdf,1f7fce53996c,27,Table 6
WA,2026-02,ESH,evaluation,jail,90.0,95.0,11.5,13.0,92.0,99.0,100.0,Trueblood-Report-2026-06.pdf,(local) Trueblood-Report-2026-06.pdf,1f7fce53996c,27,Table 6
WA,2026-03,ESH,evaluation,jail,105.0,102.0,11.4,13.0,79.0,96.0,100.0,Trueblood-Report-2026-06.pdf,(local) Trueblood-Report-2026-06.pdf,1f7fce53996c,27,Table 6
WA,2026-04,ESH,evaluation,jail,86.0,96.0,11.8,14.0,88.0,95.0,100.0,Trueblood-Report-2026-06.pdf,(local) Trueblood-Report-2026-06.pdf,1f7fce53996c,27,Table 6
WA,2026-05,ESH,evaluation,jail,93.0,76.0,11.4,13.0,88.0,97.0,99.0,Trueblood-Report-2026-06.pdf,(local) Trueblood-Report-2026-06.pdf,1f7fce53996c,27,Table 6
WA,2018-01,ESH,restoration,inpatient,16.0,,5.3,6.0,63.0,63.0,63.0,Trueblood-Report-2019-02.pdf,(local) Trueblood-Report-2019-02.pdf,29f42cc9a6bb,12,Table 2c
WA,2018-02,ESH,restoration,inpatient,20.0,,9.4,9.5,20.0,20.0,20.0,Trueblood-Report-2019-02.pdf,(local) Trueblood-Report-2019-02.pdf,29f42cc9a6bb,12,Table 2c
WA,2018-03,ESH,restoration,inpatient,19.0,,14.4,15.5,8.0,12.0,12.0,Trueblood-Report-2019-02.pdf,(local) Trueblood-Report-2019-02.pdf,29f42cc9a6bb,12,Table 2c
WA,2018-04,ESH,restoration,inpatient,16.0,19.0,21.2,21.0,4.0,4.0,4.0,Trueblood-Report-2019-05.pdf,(local) Trueblood-Report-2019-05.pdf,48ba75917cc4,12,Table 2c
WA,2018-05,ESH,restoration,inpatient,20.0,14.0,20.2,17.5,0.0,0.0,0.0,Trueblood-Report-2019-06.pdf,(local) Trueblood-Report-2019-06.pdf,df2a0b64b835,12,Table 2c
WA,2018-06,ESH,restoration,inpatient,23.0,21.0,20.4,22.0,3.0,3.0,3.0,Trueblood-Report-2019-06.pdf,(local) Trueblood-Report-2019-06.pdf,df2a0b64b835,12,Table 2c
WA,2018-07,ESH,restoration,inpatient,18.0,18.0,26.4,28.0,9.0,9.0,9.0,Trueblood-Report-2019-06.pdf,(local) Trueblood-Report-2019-06.pdf,df2a0b64b835,12,Table 2c
WA,2018-08,ESH,restoration,inpatient,25.0,27.0,28.7,29.0,19.0,19.0,19.0,Trueblood-Report-2019-06.pdf,(local) Trueblood-Report-2019-06.pdf,df2a0b64b835,12,Table 2c
WA,2018-09,ESH,restoration,inpatient,18.0,23.0,19.3,21.0,22.0,22.0,22.0,Trueblood-Report-2019-10.pdf,(local) Trueblood-Report-2019-10.pdf,68a64fa8c402,13,Table 7
WA,2018-10,ESH,restoration,inpatient,27.0,23.0,18.3,19.0,13.0,13.0,13.0,Trueblood-Report-2019-11.pdf,(local) Trueblood-Report-2019-11.pdf,6ba93df67949,13,Table 7
WA,2018-11,ESH,restoration,inpatient,22.0,23.0,19.0,17.0,0.0,13.0,13.0,Trueblood-Report-2019-12.pdf,(local) Trueblood-Report-2019-12.pdf,ff3749aafc99,13,Table 7
WA,2018-12,ESH,restoration,inpatient,18.0,19.0,37.1,19.0,37.0,37.0,37.0,Trueblood-Report-2020-01.pdf,(local) Trueblood-Report-2020-01.pdf,9eb8848df148,14,Table 7
WA,2019-01,ESH,restoration,inpatient,23.0,25.0,24.8,28.0,28.0,24.0,28.0,Trueblood-Report-2020-02.pdf,(local) Trueblood-Report-2020-02.pdf,2a357dc93979,15,Table 7
WA,2019-02,ESH,restoration,inpatient,32.0,22.0,19.8,15.0,32.0,32.0,32.0,Trueblood-Report-2020-02.pdf,(local) Trueblood-Report-2020-02.pdf,2a357dc93979,15,Table 7
WA,2019-03,ESH,restoration,inpatient,23.0,22.0,17.5,21.5,27.0,27.0,27.0,Trueblood-Report-2020-02.pdf,(local) Trueblood-Report-2020-02.pdf,2a357dc93979,15,Table 7
WA,2019-04,ESH,restoration,inpatient,29.0,24.0,31.4,35.0,25.0,25.0,33.0,Trueblood-Report-2020-02.pdf,(local) Trueblood-Report-2020-02.pdf,2a357dc93979,15,Table 7
WA,2019-05,ESH,restoration,inpatient,21.0,20.0,39.3,47.0,10.0,10.0,15.0,Trueblood-Report-2020-06.pdf,(local) Trueblood-Report-2020-06.pdf,99295309355d,17,Table 7
WA,2019-06,ESH,restoration,inpatient,26.0,24.0,37.3,48.0,21.0,21.0,25.0,Trueblood-Report-2020-07.pdf,(local) Trueblood-Report-2020-07.pdf,7f9e598ef9df,17,Table 7
WA,2019-07,ESH,restoration,inpatient,28.0,30.0,34.1,44.0,23.0,23.0,27.0,Trueblood-Report-2020-07.pdf,(local) Trueblood-Report-2020-07.pdf,7f9e598ef9df,17,Table 7
WA,2019-08,ESH,restoration,inpatient,21.0,23.0,35.7,48.0,30.0,30.0,30.0,Trueblood-Report-2020-07.pdf,(local) Trueblood-Report-2020-07.pdf,7f9e598ef9df,17,Table 7
WA,2019-09,ESH,restoration,inpatient,22.0,28.0,36.0,47.0,32.0,32.0,32.0,Trueblood-Report-2020-10.pdf,(local) Trueblood-Report-2020-10.pdf,2bedf0f4cfff,20,Table 7
WA,2019-10,ESH,restoration,inpatient,28.0,28.0,31.3,40.0,32.0,32.0,36.0,Trueblood-Report-2020-11.pdf,(local) Trueblood-Report-2020-11.pdf,595ab0efa441,20,Table 7
WA,2019-11,ESH,restoration,inpatient,19.0,19.0,33.3,42.0,21.0,21.0,26.0,Trueblood-Report-2020-12.pdf,(local) Trueblood-Report-2020-12.pdf,197278ce3fbf,19,Table 7
WA,2019-12,ESH,restoration,inpatient,34.0,21.0,30.4,40.0,29.0,29.0,29.0,Trueblood-Report-2021-01.pdf,(local) Trueblood-Report-2021-01.pdf,ee5f4e460f7b,19,Table 7
WA,2020-01,ESH,restoration,inpatient,22.0,20.0,37.8,40.0,0.0,0.0,0.0,Trueblood-Report-2021-02.pdf,(local) Trueblood-Report-2021-02.pdf,b54a5a28745c,18,Table 7
WA,2020-02,ESH,restoration,inpatient,24.0,21.0,47.0,60.0,19.0,19.0,19.0,Trueblood-Report-2021-03.pdf,(local) Trueblood-Report-2021-03.pdf,6b2aa713e0fb,18,Table 7
WA,2020-03,ESH,restoration,inpatient,16.0,21.0,47.1,48.0,5.0,5.0,5.0,Trueblood-Report-2021-04.pdf,(local) Trueblood-Report-2021-04.pdf,4b588bfa8cf2,18,Table 7
WA,2020-04,ESH,restoration,inpatient,14.0,22.0,58.6,61.0,9.0,9.0,9.0,Trueblood-Report-2021-05.pdf,(local) Trueblood-Report-2021-05.pdf,0cb3da8cda63,18,Table 7
WA,2020-05,ESH,restoration,inpatient,10.0,18.0,57.2,51.5,0.0,0.0,0.0,Trueblood-Report-2021-06.pdf,(local) Trueblood-Report-2021-06.pdf,aecc13a6d1dc,18,Table 7
WA,2020-06,ESH,restoration,inpatient,7.0,11.0,53.6,57.0,0.0,0.0,0.0,Trueblood-Report-2021-07.pdf,(local) Trueblood-Report-2021-07.pdf,5d748b19d1a9,18,Table 7
WA,2020-07,ESH,restoration,inpatient,16.0,4.0,81.3,91.0,0.0,0.0,0.0,Trueblood-Report-2021-07.pdf,(local) Trueblood-Report-2021-07.pdf,5d748b19d1a9,18,Table 7
WA,2020-08,ESH,restoration,inpatient,15.0,13.0,49.2,48.0,15.0,15.0,15.0,Trueblood-Report-2021-09.pdf,(local) Trueblood-Report-2021-09.pdf,19b1ac35a2cc,18,Table 7
WA,2020-09,ESH,restoration,inpatient,28.0,24.0,62.1,62.0,4.0,4.0,4.0,Trueblood-Report-2021-10.pdf,(local) Trueblood-Report-2021-10.pdf,97de982233a3,18,Table 7
WA,2020-10,ESH,restoration,inpatient,19.0,7.0,36.3,36.0,0.0,0.0,0.0,Trueblood-Report-2021-11.pdf,(local) Trueblood-Report-2021-11.pdf,a4ddd236f8ce,18,Table 7
WA,2020-11,ESH,restoration,inpatient,21.0,10.0,27.8,25.5,20.0,20.0,20.0,Trueblood-Report-2021-12.pdf,(local) Trueblood-Report-2021-12.pdf,84321c2e419d,18,Table 7
WA,2020-12,ESH,restoration,inpatient,11.0,36.0,73.4,81.0,3.0,3.0,3.0,Trueblood-Report-2022-01.pdf,(local) Trueblood-Report-2022-01.pdf,80a1c9a9027a,18,Table 7
WA,2021-01,ESH,restoration,inpatient,19.0,20.0,52.0,73.0,30.0,30.0,30.0,Trueblood-Report-2022-02.pdf,(local) Trueblood-Report-2022-02.pdf,7e0983577785,20,Table 7
WA,2021-02,ESH,restoration,inpatient,15.0,19.0,66.5,81.0,11.0,11.0,11.0,Trueblood-Report-2022-03.pdf,(local) Trueblood-Report-2022-03.pdf,758295511742,20,Table 7
WA,2021-03,ESH,restoration,inpatient,16.0,26.0,37.9,34.5,12.0,12.0,12.0,Trueblood-Report-2022-03.pdf,(local) Trueblood-Report-2022-03.pdf,758295511742,20,Table 7
WA,2021-04,ESH,restoration,inpatient,17.0,19.0,34.5,37.0,5.0,5.0,11.0,Trueblood-Report-2022-05.pdf,(local) Trueblood-Report-2022-05.pdf,6fa242a431c7,20,Table 7
WA,2021-05,ESH,restoration,inpatient,16.0,15.0,34.1,28.0,0.0,0.0,0.0,Trueblood-Report-2022-06.pdf,(local) Trueblood-Report-2022-06.pdf,fac7ad731caf,20,Table 7
WA,2021-06,ESH,restoration,inpatient,22.0,23.0,25.8,29.0,0.0,0.0,0.0,Trueblood-Report-2022-07.pdf,(local) Trueblood-Report-2022-07.pdf,1ed794b880ce,20,Table 7
WA,2021-07,ESH,restoration,inpatient,23.0,12.0,25.8,24.0,0.0,0.0,0.0,Trueblood-Report-2022-08.pdf,(local) Trueblood-Report-2022-08.pdf,76874be56410,20,Table 7
WA,2021-08,ESH,restoration,inpatient,24.0,19.0,25.9,22.0,0.0,0.0,5.0,Trueblood-Report-2022-09.pdf,(local) Trueblood-Report-2022-09.pdf,74671e617b2c,20,Table 7
WA,2021-09,ESH,restoration,inpatient,24.0,17.0,43.2,48.0,12.0,12.0,12.0,Trueblood-Report-2022-10.pdf,(local) Trueblood-Report-2022-10.pdf,625cf77b4b24,20,Table 7
WA,2021-10,ESH,restoration,inpatient,33.0,24.0,47.8,53.5,4.0,4.0,4.0,Trueblood-Report-2022-10.pdf,(local) Trueblood-Report-2022-10.pdf,625cf77b4b24,20,Table 7
WA,2021-11,ESH,restoration,inpatient,35.0,24.0,33.4,42.0,17.0,13.0,17.0,Trueblood-Report-2022-10.pdf,(local) Trueblood-Report-2022-10.pdf,625cf77b4b24,20,Table 7
WA,2021-12,ESH,restoration,inpatient,42.0,40.0,45.8,45.0,3.0,3.0,5.0,Trueblood-Report-2023-01.pdf,(local) Trueblood-Report-2023-01.pdf,3a0d5b251edc,20,Table 7
WA,2022-01,ESH,restoration,inpatient,33.0,14.0,51.4,49.0,7.0,7.0,7.0,Trueblood-Report-2023-02.pdf,(local) Trueblood-Report-2023-02.pdf,7009c637f545,20,Table 7
WA,2022-02,ESH,restoration,inpatient,33.0,32.0,66.0,73.5,13.0,13.0,16.0,Trueblood-Report-2023-02.pdf,(local) Trueblood-Report-2023-02.pdf,7009c637f545,20,Table 7
WA,2022-03,ESH,restoration,inpatient,33.0,43.0,66.6,71.0,5.0,5.0,7.0,Trueblood-Report-2023-04.pdf,(local) Trueblood-Report-2023-04.pdf,1a09abe029a9,20,Table 7
WA,2022-04,ESH,restoration,inpatient,30.0,36.0,68.3,78.5,3.0,0.0,3.0,Trueblood-Report-2023-05.pdf,(local) Trueblood-Report-2023-05.pdf,485d112f4341,20,Table 7
WA,2022-05,ESH,restoration,inpatient,39.0,7.0,57.1,63.0,14.0,14.0,14.0,Trueblood-Report-2023-06.pdf,(local) Trueblood-Report-2023-06.pdf,69cb8ee59778,21,Table 7
WA,2022-06,ESH,restoration,inpatient,41.0,29.0,66.2,69.0,21.0,21.0,21.0,Trueblood-Report-2023-06.pdf,(local) Trueblood-Report-2023-06.pdf,69cb8ee59778,21,Table 7
WA,2022-07,ESH,restoration,inpatient,34.0,35.0,87.0,106.0,3.0,3.0,3.0,Trueblood-Report-2023-08.pdf,(local) Trueblood-Report-2023-08.pdf,db59247b803f,21,Table 7
WA,2022-08,ESH,restoration,inpatient,44.0,22.0,68.0,45.0,5.0,5.0,5.0,Trueblood-Report-2023-09.pdf,(local) Trueblood-Report-2023-09.pdf,f8377cdfa1b9,21,Table 7
WA,2022-09,ESH,restoration,inpatient,31.0,33.0,92.8,103.0,6.0,12.0,12.0,Trueblood-Report-2023-10.pdf,(local) Trueblood-Report-2023-10.pdf,f047e00db7ce,21,Table 7
WA,2022-10,ESH,restoration,inpatient,15.0,33.0,124.4,143.0,3.0,3.0,3.0,Trueblood-Report-2023-11.pdf,(local) Trueblood-Report-2023-11.pdf,15755243894b,21,Table 7
WA,2022-11,ESH,restoration,inpatient,23.0,23.0,118.0,146.0,0.0,0.0,4.0,Trueblood-Report-2023-12.pdf,(local) Trueblood-Report-2023-12.pdf,5bbaa732398b,21,Table 7
WA,2022-12,ESH,restoration,inpatient,31.0,56.0,111.7,134.0,2.0,4.0,4.0,Trueblood-Report-2024-01.pdf,(local) Trueblood-Report-2024-01.pdf,8133c8ee7330,21,Table 7
WA,2023-01,ESH,restoration,inpatient,21.0,23.0,114.3,134.0,0.0,0.0,4.0,Trueblood-Report-2024-02.pdf,(local) Trueblood-Report-2024-02.pdf,fd865b0cb050,21,Table 7
WA,2023-02,ESH,restoration,inpatient,28.0,28.0,82.1,75.5,11.0,11.0,14.0,Trueblood-Report-2024-03.pdf,(local) Trueblood-Report-2024-03.pdf,549e58928e44,21,Table 7
WA,2023-03,ESH,restoration,inpatient,20.0,39.0,110.2,124.0,0.0,0.0,0.0,Trueblood-Report-2024-04.pdf,(local) Trueblood-Report-2024-04.pdf,5636183a032d,21,Table 7
WA,2023-04,ESH,restoration,inpatient,34.0,44.0,87.9,100.5,5.0,5.0,5.0,Trueblood-Report-2024-05.pdf,(local) Trueblood-Report-2024-05.pdf,ca3168328dcc,21,Table 7
WA,2023-05,ESH,restoration,inpatient,30.0,46.0,43.5,41.0,2.0,4.0,4.0,Trueblood-Report-2024-06.pdf,(local) Trueblood-Report-2024-06.pdf,58591efc1214,21,Table 7
WA,2023-06,ESH,restoration,inpatient,19.0,29.0,40.9,37.0,3.0,3.0,3.0,Trueblood-Report-2024-06.pdf,(local) Trueblood-Report-2024-06.pdf,58591efc1214,21,Table 7
WA,2023-07,ESH,restoration,inpatient,31.0,24.0,45.4,47.0,8.0,13.0,17.0,Trueblood-Report-2024-08.pdf,(local) Trueblood-Report-2024-08.pdf,14009159338a,21,Table 7
WA,2023-08,ESH,restoration,inpatient,42.0,25.0,33.4,29.0,4.0,4.0,4.0,Trueblood-Report-2024-09.pdf,(local) Trueblood-Report-2024-09.pdf,3bfc640f8b9d,21,Table 7
WA,2023-09,ESH,restoration,inpatient,29.0,27.0,43.8,50.0,4.0,4.0,4.0,Trueblood-Report-2024-10.pdf,(local) Trueblood-Report-2024-10.pdf,46d3b90ae09f,22,Table 7
WA,2023-10,ESH,restoration,inpatient,30.0,39.0,47.2,51.0,0.0,0.0,0.0,Trueblood-Report-2024-11.pdf,(local) Trueblood-Report-2024-11.pdf,53aaf66ede40,22,Table 8
WA,2023-11,ESH,restoration,inpatient,18.0,29.0,43.0,45.0,0.0,0.0,0.0,Trueblood-Report-2024-12.pdf,(local) Trueblood-Report-2024-12.pdf,faf2ed19cc54,29,Table 8
WA,2023-12,ESH,restoration,inpatient,26.0,16.0,46.4,50.0,0.0,0.0,0.0,Trueblood-Report-2025-01.pdf,(local) Trueblood-Report-2025-01.pdf,901f55094ef0,29,Table 8
WA,2024-01,ESH,restoration,inpatient,29.0,36.0,48.1,50.0,11.0,11.0,11.0,Trueblood-Report-2025-02.pdf,(local) Trueblood-Report-2025-02.pdf,265ae906e2cb,29,Table 8
WA,2024-02,ESH,restoration,inpatient,25.0,54.0,25.7,22.0,11.0,11.0,11.0,Trueblood-Report-2025-03.pdf,(local) Trueblood-Report-2025-03.pdf,07ce04aa2201,29,Table 8
WA,2024-03,ESH,restoration,inpatient,27.0,28.0,13.6,9.5,21.0,36.0,36.0,Trueblood-Report-2025-04.pdf,(local) Trueblood-Report-2025-04.pdf,ccf190df18c8,29,Table 8
WA,2024-04,ESH,restoration,inpatient,23.0,22.0,6.9,7.0,82.0,91.0,91.0,Trueblood-Report-2025-05.pdf,(local) Trueblood-Report-2025-05.pdf,3476aedc530f,29,Table 8
WA,2024-05,ESH,restoration,inpatient,40.0,42.0,6.1,6.0,76.0,86.0,86.0,Trueblood-Report-2025-06.pdf,(local) Trueblood-Report-2025-06.pdf,eb0f8715a502,29,Table 8
WA,2024-06,ESH,restoration,inpatient,26.0,28.0,7.4,7.5,43.0,50.0,57.0,Trueblood-Report-2025-07.pdf,(local) Trueblood-Report-2025-07.pdf,3593428da632,29,Table 8
WA,2024-07,ESH,restoration,inpatient,32.0,27.0,7.0,7.0,59.0,70.0,74.0,Trueblood-Report-2025-08.pdf,(local) Trueblood-Report-2025-08.pdf,4e61c15429a2,30,Table 8
WA,2024-08,ESH,restoration,inpatient,49.0,52.0,6.9,7.0,71.0,96.0,98.0,Trueblood-Report-2025-09.pdf,(local) Trueblood-Report-2025-09.pdf,b967b422d8e7,31,Table 8
WA,2024-09,ESH,restoration,inpatient,31.0,29.0,6.1,6.0,79.0,90.0,90.0,Trueblood-Report-2025-10.pdf,(local) Trueblood-Report-2025-10.pdf,576a95fe6dda,31,Table 8
WA,2024-10,ESH,restoration,inpatient,23.0,22.0,6.1,5.5,73.0,86.0,86.0,Trueblood-Report-2025-11.pdf,(local) Trueblood-Report-2025-11.pdf,c4932d189f27,31,Table 8
WA,2024-11,ESH,restoration,inpatient,30.0,34.0,6.6,6.0,68.0,85.0,85.0,Trueblood-Report-2025-12.pdf,(local) Trueblood-Report-2025-12.pdf,c2cca9e44936,31,Table 8
WA,2024-12,ESH,restoration,inpatient,36.0,34.0,7.3,6.0,94.0,94.0,94.0,Trueblood-Report-2025-12.pdf,(local) Trueblood-Report-2025-12.pdf,c2cca9e44936,31,Table 8
WA,2025-01,ESH,restoration,inpatient,51.0,50.0,5.7,6.0,84.0,88.0,88.0,Trueblood-Report-2026-02.pdf,(local) Trueblood-Report-2026-02.pdf,62cb0b228080,31,Table 8
WA,2025-02,ESH,restoration,inpatient,35.0,38.0,6.8,6.5,79.0,82.0,92.0,Trueblood-Report-2026-03.pdf,(local) Trueblood-Report-2026-03.pdf,f84492e7b4b1,32,Table 8
WA,2025-03,ESH,restoration,inpatient,42.0,42.0,5.9,5.5,95.0,95.0,95.0,Trueblood-Report-2026-04.pdf,(local) Trueblood-Report-2026-04.pdf,bb022575e7bf,32,Table 8
WA,2025-04,ESH,restoration,inpatient,46.0,39.0,4.2,4.0,100.0,100.0,100.0,Trueblood-Report-2026-05.pdf,(local) Trueblood-Report-2026-05.pdf,8494818a4829,31,Table 8
WA,2025-05,ESH,restoration,inpatient,30.0,36.0,4.6,4.0,86.0,86.0,86.0,Trueblood-Report-2026-06.pdf,(local) Trueblood-Report-2026-06.pdf,1f7fce53996c,31,Table 8
WA,2025-06,ESH,restoration,inpatient,54.0,43.0,5.1,6.0,77.0,91.0,100.0,Trueblood-Report-2026-06.pdf,(local) Trueblood-Report-2026-06.pdf,1f7fce53996c,31,Table 8
WA,2025-07,ESH,restoration,inpatient,46.0,53.0,5.1,6.0,96.0,100.0,100.0,Trueblood-Report-2026-06.pdf,(local) Trueblood-Report-2026-06.pdf,1f7fce53996c,31,Table 8
WA,2025-08,ESH,restoration,inpatient,40.0,43.0,6.3,6.0,91.0,93.0,95.0,Trueblood-Report-2026-06.pdf,(local) Trueblood-Report-2026-06.pdf,1f7fce53996c,31,Table 8
WA,2025-09,ESH,restoration,inpatient,44.0,41.0,5.2,6.0,93.0,95.0,100.0,Trueblood-Report-2026-06.pdf,(local) Trueblood-Report-2026-06.pdf,1f7fce53996c,31,Table 8
WA,2025-10,ESH,restoration,inpatient,28.0,31.0,4.1,4.0,97.0,97.0,100.0,Trueblood-Report-2026-06.pdf,(local) Trueblood-Report-2026-06.pdf,1f7fce53996c,31,Table 8
WA,2025-11,ESH,restoration,inpatient,24.0,24.0,4.8,5.0,96.0,96.0,100.0,Trueblood-Report-2026-06.pdf,(local) Trueblood-Report-2026-06.pdf,1f7fce53996c,31,Table 8
WA,2025-12,ESH,restoration,inpatient,37.0,35.0,5.2,6.0,91.0,100.0,100.0,Trueblood-Report-2026-06.pdf,(local) Trueblood-Report-2026-06.pdf,1f7fce53996c,31,Table 8
WA,2026-01,ESH,restoration,inpatient,39.0,40.0,6.0,6.0,80.0,93.0,93.0,Trueblood-Report-2026-06.pdf,(local) Trueblood-Report-2026-06.pdf,1f7fce53996c,31,Table 8
WA,2026-02,ESH,restoration,inpatient,20.0,25.0,4.8,4.0,88.0,88.0,96.0,Trueblood-Report-2026-06.pdf,(local) Trueblood-Report-2026-06.pdf,1f7fce53996c,31,Table 8
WA,2026-03,ESH,restoration,inpatient,35.0,30.0,5.0,5.0,87.0,90.0,100.0,Trueblood-Report-2026-06.pdf,(local) Trueblood-Report-2026-06.pdf,1f7fce53996c,31,Table 8
WA,2026-04,ESH,restoration,inpatient,34.0,36.0,4.3,3.0,83.0,86.0,94.0,Trueblood-Report-2026-06.pdf,(local) Trueblood-Report-2026-06.pdf,1f7fce53996c,31,Table 8
WA,2026-05,ESH,restoration,inpatient,27.0,26.0,3.8,3.5,92.0,96.0,100.0,Trueblood-Report-2026-06.pdf,(local) Trueblood-Report-2026-06.pdf,1f7fce53996c,31,Table 8
WA,2020-07,OCRP,restoration,outpatient,0.0,0.0,,,,,,Trueblood-Report-2021-08.pdf,(local) Trueblood-Report-2021-08.pdf,8c4284e1d388,15,Table 4c
WA,2020-08,OCRP,restoration,outpatient,2.0,1.0,4.0,4.0,100.0,100.0,100.0,Trueblood-Report-2021-09.pdf,(local) Trueblood-Report-2021-09.pdf,19b1ac35a2cc,15,Table 4c
WA,2020-09,OCRP,restoration,outpatient,2.0,3.0,6.3,7.0,100.0,100.0,100.0,Trueblood-Report-2021-11.pdf,(local) Trueblood-Report-2021-11.pdf,a4ddd236f8ce,15,Table 4c
WA,2020-10,OCRP,restoration,outpatient,0.0,0.0,,,,,,Trueblood-Report-2021-11.pdf,(local) Trueblood-Report-2021-11.pdf,a4ddd236f8ce,15,Table 4c
WA,2020-11,OCRP,restoration,outpatient,0.0,0.0,,,,,,Trueblood-Report-2021-12.pdf,(local) Trueblood-Report-2021-12.pdf,84321c2e419d,15,Table 4c
WA,2020-12,OCRP,restoration,outpatient,3.0,3.0,5.7,5.0,67.0,100.0,100.0,Trueblood-Report-2022-01.pdf,(local) Trueblood-Report-2022-01.pdf,80a1c9a9027a,15,Table 4c
WA,2021-01,OCRP,restoration,outpatient,0.0,0.0,,,,,,Trueblood-Report-2022-02.pdf,(local) Trueblood-Report-2022-02.pdf,7e0983577785,17,Table 4c
WA,2021-02,OCRP,restoration,outpatient,0.0,0.0,,,,,,Trueblood-Report-2022-03.pdf,(local) Trueblood-Report-2022-03.pdf,758295511742,17,Table 4c
WA,2021-03,OCRP,restoration,outpatient,0.0,0.0,,,,,,Trueblood-Report-2022-03.pdf,(local) Trueblood-Report-2022-03.pdf,758295511742,17,Table 4c
WA,2021-04,OCRP,restoration,outpatient,0.0,0.0,,,,,,Trueblood-Report-2022-05.pdf,(local) Trueblood-Report-2022-05.pdf,6fa242a431c7,17,Table 4c
WA,2021-05,OCRP,restoration,outpatient,0.0,0.0,,,,,,Trueblood-Report-2022-06.pdf,(local) Trueblood-Report-2022-06.pdf,fac7ad731caf,17,Table 4c
WA,2021-06,OCRP,restoration,outpatient,0.0,0.0,,,,,,Trueblood-Report-2022-07.pdf,(local) Trueblood-Report-2022-07.pdf,1ed794b880ce,17,Table 4c
WA,2021-07,OCRP,restoration,outpatient,0.0,0.0,,,,,,Trueblood-Report-2022-08.pdf,(local) Trueblood-Report-2022-08.pdf,76874be56410,17,Table 4c
WA,2021-08,OCRP,restoration,outpatient,0.0,0.0,,,,,,Trueblood-Report-2022-09.pdf,(local) Trueblood-Report-2022-09.pdf,74671e617b2c,17,Table 4c
WA,2021-09,OCRP,restoration,outpatient,0.0,0.0,,,,,,Trueblood-Report-2022-10.pdf,(local) Trueblood-Report-2022-10.pdf,625cf77b4b24,17,Table 4c
WA,2021-10,OCRP,restoration,outpatient,1.0,1.0,6.0,6.0,0.0,0.0,100.0,Trueblood-Report-2022-11.pdf,(local) Trueblood-Report-2022-11.pdf,e8b82f16473a,17,Table 4c
WA,2021-11,OCRP,restoration,outpatient,0.0,0.0,,,,,,Trueblood-Report-2022-11.pdf,(local) Trueblood-Report-2022-11.pdf,e8b82f16473a,17,Table 4c
WA,2021-12,OCRP,restoration,outpatient,0.0,0.0,,,,,,Trueblood-Report-2023-01.pdf,(local) Trueblood-Report-2023-01.pdf,3a0d5b251edc,17,Table 4c
WA,2022-01,OCRP,restoration,outpatient,0.0,0.0,,,,,,Trueblood-Report-2023-02.pdf,(local) Trueblood-Report-2023-02.pdf,7009c637f545,17,Table 4c
WA,2022-02,OCRP,restoration,outpatient,0.0,0.0,,,,,,Trueblood-Report-2023-02.pdf,(local) Trueblood-Report-2023-02.pdf,7009c637f545,17,Table 4c
WA,2022-03,OCRP,restoration,outpatient,0.0,0.0,,,,,,Trueblood-Report-2023-04.pdf,(local) Trueblood-Report-2023-04.pdf,1a09abe029a9,17,Table 4c
WA,2022-04,OCRP,restoration,outpatient,2.0,1.0,4.0,4.0,100.0,0.0,100.0,Trueblood-Report-2023-05.pdf,(local) Trueblood-Report-2023-05.pdf,485d112f4341,17,Table 4c
WA,2022-05,OCRP,restoration,outpatient,2.0,3.0,7.7,8.0,33.0,33.0,33.0,Trueblood-Report-2023-06.pdf,(local) Trueblood-Report-2023-06.pdf,69cb8ee59778,18,Table 4c
WA,2022-06,OCRP,restoration,outpatient,1.0,0.0,,,,,,Trueblood-Report-2023-06.pdf,(local) Trueblood-Report-2023-06.pdf,69cb8ee59778,18,Table 4c
WA,2022-07,OCRP,restoration,outpatient,0.0,0.0,,,,,,Trueblood-Report-2023-08.pdf,(local) Trueblood-Report-2023-08.pdf,db59247b803f,18,Table 4c
WA,2022-08,OCRP,restoration,outpatient,1.0,1.0,5.0,5.0,100.0,100.0,100.0,Trueblood-Report-2023-09.pdf,(local) Trueblood-Report-2023-09.pdf,f8377cdfa1b9,18,Table 4c
WA,2022-09,OCRP,restoration,outpatient,4.0,4.0,1.0,1.0,75.0,75.0,100.0,Trueblood-Report-2023-10.pdf,(local) Trueblood-Report-2023-10.pdf,f047e00db7ce,18,Table 4c
WA,2022-10,OCRP,restoration,outpatient,4.0,4.0,1.8,2.0,75.0,75.0,100.0,Trueblood-Report-2023-11.pdf,(local) Trueblood-Report-2023-11.pdf,15755243894b,18,Table 4c
WA,2022-11,OCRP,restoration,outpatient,0.0,0.0,,,,,,Trueblood-Report-2023-12.pdf,(local) Trueblood-Report-2023-12.pdf,5bbaa732398b,18,Table 4c
WA,2022-12,OCRP,restoration,outpatient,2.0,2.0,4.0,4.0,100.0,100.0,100.0,Trueblood-Report-2024-01.pdf,(local) Trueblood-Report-2024-01.pdf,8133c8ee7330,18,Table 4c
WA,2023-01,OCRP,restoration,outpatient,2.0,1.0,2.0,2.0,100.0,100.0,100.0,Trueblood-Report-2024-02.pdf,(local) Trueblood-Report-2024-02.pdf,fd865b0cb050,18,Table 4c
WA,2023-02,OCRP,restoration,outpatient,1.0,2.0,7.0,7.0,50.0,50.0,50.0,Trueblood-Report-2024-03.pdf,(local) Trueblood-Report-2024-03.pdf,549e58928e44,18,Table 4c
WA,2023-03,OCRP,restoration,outpatient,3.0,3.0,1.7,1.0,100.0,100.0,100.0,Trueblood-Report-2024-04.pdf,(local) Trueblood-Report-2024-04.pdf,5636183a032d,18,Table 4c
WA,2023-04,OCRP,restoration,outpatient,1.0,1.0,4.0,4.0,100.0,100.0,100.0,Trueblood-Report-2024-05.pdf,(local) Trueblood-Report-2024-05.pdf,ca3168328dcc,18,Table 4c
WA,2023-05,OCRP,restoration,outpatient,0.0,0.0,,,,,,Trueblood-Report-2024-05.pdf,(local) Trueblood-Report-2024-05.pdf,ca3168328dcc,18,Table 4c
WA,2023-06,OCRP,restoration,outpatient,8.0,8.0,3.8,4.0,88.0,100.0,100.0,Trueblood-Report-2024-05.pdf,(local) Trueblood-Report-2024-05.pdf,ca3168328dcc,18,Table 4c
WA,2023-07,OCRP,restoration,outpatient,0.0,0.0,,,,,,Trueblood-Report-2024-08.pdf,(local) Trueblood-Report-2024-08.pdf,14009159338a,18,Table 4c
WA,2023-08,OCRP,restoration,outpatient,3.0,2.0,4.0,4.0,100.0,100.0,100.0,Trueblood-Report-2024-09.pdf,(local) Trueblood-Report-2024-09.pdf,3bfc640f8b9d,18,Table 4c
WA,2023-09,OCRP,restoration,outpatient,4.0,4.0,4.0,1.5,75.0,75.0,75.0,Trueblood-Report-2024-10.pdf,(local) Trueblood-Report-2024-10.pdf,46d3b90ae09f,19,Table 4c
WA,2023-10,OCRP,restoration,outpatient,1.0,2.0,3.5,3.5,50.0,50.0,100.0,Trueblood-Report-2024-11.pdf,(local) Trueblood-Report-2024-11.pdf,53aaf66ede40,19,Table 5c
WA,2023-11,OCRP,restoration,outpatient,3.0,3.0,3.3,4.0,100.0,100.0,100.0,Trueblood-Report-2024-12.pdf,(local) Trueblood-Report-2024-12.pdf,faf2ed19cc54,23,Table 5c
WA,2023-12,OCRP,restoration,outpatient,3.0,3.0,7.0,9.0,33.0,33.0,33.0,Trueblood-Report-2025-01.pdf,(local) Trueblood-Report-2025-01.pdf,901f55094ef0,23,Table 5c
WA,2024-01,OCRP,restoration,outpatient,4.0,3.0,6.7,8.0,33.0,33.0,33.0,Trueblood-Report-2025-02.pdf,(local) Trueblood-Report-2025-02.pdf,265ae906e2cb,23,Table 5c
WA,2024-02,OCRP,restoration,outpatient,0.0,1.0,24.0,24.0,0.0,0.0,0.0,Trueblood-Report-2025-03.pdf,(local) Trueblood-Report-2025-03.pdf,07ce04aa2201,23,Table 5c
WA,2024-03,OCRP,restoration,outpatient,2.0,2.0,0.5,0.5,100.0,100.0,100.0,Trueblood-Report-2025-04.pdf,(local) Trueblood-Report-2025-04.pdf,ccf190df18c8,23,Table 5c
WA,2024-04,OCRP,restoration,outpatient,4.0,2.0,1.0,1.0,100.0,100.0,100.0,Trueblood-Report-2025-05.pdf,(local) Trueblood-Report-2025-05.pdf,3476aedc530f,23,Table 5c
WA,2024-05,OCRP,restoration,outpatient,5.0,7.0,1.6,2.0,100.0,100.0,100.0,Trueblood-Report-2025-06.pdf,(local) Trueblood-Report-2025-06.pdf,eb0f8715a502,23,Table 5c
WA,2024-06,OCRP,restoration,outpatient,4.0,4.0,4.8,6.0,100.0,100.0,100.0,Trueblood-Report-2025-07.pdf,(local) Trueblood-Report-2025-07.pdf,3593428da632,23,Table 5c
WA,2024-07,OCRP,restoration,outpatient,2.0,2.0,0.5,0.5,100.0,100.0,100.0,Trueblood-Report-2025-08.pdf,(local) Trueblood-Report-2025-08.pdf,4e61c15429a2,24,Table 5c
WA,2024-08,OCRP,restoration,outpatient,4.0,4.0,4.8,6.0,100.0,100.0,100.0,Trueblood-Report-2025-09.pdf,(local) Trueblood-Report-2025-09.pdf,b967b422d8e7,25,Table 5c
WA,2024-09,OCRP,restoration,outpatient,4.0,4.0,2.8,3.0,100.0,75.0,100.0,Trueblood-Report-2025-10.pdf,(local) Trueblood-Report-2025-10.pdf,576a95fe6dda,25,Table 5c
WA,2024-10,OCRP,restoration,outpatient,0.0,0.0,,,,,,Trueblood-Report-2025-11.pdf,(local) Trueblood-Report-2025-11.pdf,c4932d189f27,25,Table 5c
WA,2024-11,OCRP,restoration,outpatient,1.0,1.0,6.0,6.0,100.0,100.0,100.0,Trueblood-Report-2025-12.pdf,(local) Trueblood-Report-2025-12.pdf,c2cca9e44936,25,Table 5c
WA,2024-12,OCRP,restoration,outpatient,6.0,6.0,2.0,2.5,100.0,100.0,100.0,Trueblood-Report-2026-01.pdf,(local) Trueblood-Report-2026-01.pdf,7c0ee14e8083,25,Table 5c
WA,2025-01,OCRP,restoration,outpatient,6.0,5.0,10.4,8.0,40.0,80.0,80.0,Trueblood-Report-2026-02.pdf,(local) Trueblood-Report-2026-02.pdf,62cb0b228080,25,Table 5c
WA,2025-02,OCRP,restoration,outpatient,7.0,7.0,3.3,2.0,86.0,86.0,86.0,Trueblood-Report-2026-03.pdf,(local) Trueblood-Report-2026-03.pdf,f84492e7b4b1,26,Table 5c
WA,2025-03,OCRP,restoration,outpatient,1.0,2.0,11.5,11.5,50.0,50.0,50.0,Trueblood-Report-2026-04.pdf,(local) Trueblood-Report-2026-04.pdf,bb022575e7bf,26,Table 5c
WA,2025-04,OCRP,restoration,outpatient,5.0,4.0,4.8,5.5,100.0,100.0,100.0,Trueblood-Report-2026-05.pdf,(local) Trueblood-Report-2026-05.pdf,8494818a4829,25,Table 5c
WA,2025-05,OCRP,restoration,outpatient,1.0,2.0,2.5,2.5,100.0,100.0,100.0,Trueblood-Report-2026-06.pdf,(local) Trueblood-Report-2026-06.pdf,1f7fce53996c,25,Table 5c
WA,2025-06,OCRP,restoration,outpatient,3.0,0.0,,,,,,Trueblood-Report-2026-06.pdf,(local) Trueblood-Report-2026-06.pdf,1f7fce53996c,25,Table 5c
WA,2025-07,OCRP,restoration,outpatient,4.0,3.0,2.3,2.0,100.0,100.0,100.0,Trueblood-Report-2026-06.pdf,(local) Trueblood-Report-2026-06.pdf,1f7fce53996c,25,Table 5c
WA,2025-08,OCRP,restoration,outpatient,6.0,9.0,23.2,5.0,67.0,67.0,67.0,Trueblood-Report-2026-06.pdf,(local) Trueblood-Report-2026-06.pdf,1f7fce53996c,25,Table 5c
WA,2025-09,OCRP,restoration,outpatient,13.0,10.0,11.6,5.5,60.0,60.0,60.0,Trueblood-Report-2026-06.pdf,(local) Trueblood-Report-2026-06.pdf,1f7fce53996c,25,Table 5c
WA,2025-10,OCRP,restoration,outpatient,7.0,11.0,8.2,5.0,55.0,55.0,55.0,Trueblood-Report-2026-06.pdf,(local) Trueblood-Report-2026-06.pdf,1f7fce53996c,25,Table 5c
WA,2025-11,OCRP,restoration,outpatient,1.0,1.0,1.0,1.0,100.0,100.0,100.0,Trueblood-Report-2026-06.pdf,(local) Trueblood-Report-2026-06.pdf,1f7fce53996c,25,Table 5c
WA,2025-12,OCRP,restoration,outpatient,7.0,6.0,3.8,3.5,83.0,83.0,83.0,Trueblood-Report-2026-06.pdf,(local) Trueblood-Report-2026-06.pdf,1f7fce53996c,25,Table 5c
WA,2026-01,OCRP,restoration,outpatient,7.0,8.0,3.0,2.5,100.0,100.0,100.0,Trueblood-Report-2026-06.pdf,(local) Trueblood-Report-2026-06.pdf,1f7fce53996c,25,Table 5c
WA,2026-02,OCRP,restoration,outpatient,1.0,1.0,3.0,3.0,100.0,100.0,100.0,Trueblood-Report-2026-06.pdf,(local) Trueblood-Report-2026-06.pdf,1f7fce53996c,25,Table 5c
WA,2026-03,OCRP,restoration,outpatient,11.0,10.0,5.5,3.0,80.0,80.0,80.0,Trueblood-Report-2026-06.pdf,(local) Trueblood-Report-2026-06.pdf,1f7fce53996c,25,Table 5c
WA,2026-04,OCRP,restoration,outpatient,6.0,5.0,3.6,4.0,100.0,100.0,100.0,Trueblood-Report-2026-06.pdf,(local) Trueblood-Report-2026-06.pdf,1f7fce53996c,25,Table 5c
WA,2026-05,OCRP,restoration,outpatient,3.0,5.0,3.6,4.0,100.0,100.0,100.0,Trueblood-Report-2026-06.pdf,(local) Trueblood-Report-2026-06.pdf,1f7fce53996c,25,Table 5c
WA,2018-08,RTF,restoration,inpatient,25.0,,34.0,33.0,2.0,2.0,2.0,Trueblood-Report-2019-02.pdf,(local) Trueblood-Report-2019-02.pdf,29f42cc9a6bb,9,Table 1c
WA,2018-09,RTF,restoration,inpatient,34.0,22.0,29.5,31.0,18.0,14.0,18.0,Trueblood-Report-2019-10.pdf,(local) Trueblood-Report-2019-10.pdf,68a64fa8c402,10,Table 4
WA,2018-10,RTF,restoration,inpatient,42.0,31.0,28.2,32.0,13.0,13.0,13.0,Trueblood-Report-2019-11.pdf,(local) Trueblood-Report-2019-11.pdf,6ba93df67949,10,Table 4
WA,2018-11,RTF,restoration,inpatient,24.0,25.0,29.6,26.0,0.0,12.0,12.0,Trueblood-Report-2019-12.pdf,(local) Trueblood-Report-2019-12.pdf,ff3749aafc99,10,Table 4
WA,2018-12,RTF,restoration,inpatient,32.0,33.0,40.9,41.0,27.0,27.0,27.0,Trueblood-Report-2020-01.pdf,(local) Trueblood-Report-2020-01.pdf,9eb8848df148,11,Table 4b
WA,2019-01,RTF,restoration,inpatient,27.0,28.0,61.9,67.5,14.0,11.0,14.0,Trueblood-Report-2020-02.pdf,(local) Trueblood-Report-2020-02.pdf,2a357dc93979,12,Table 4b
WA,2019-02,RTF,restoration,inpatient,22.0,25.0,56.2,63.0,20.0,20.0,20.0,Trueblood-Report-2020-02.pdf,(local) Trueblood-Report-2020-02.pdf,2a357dc93979,12,Table 4b
WA,2019-03,RTF,restoration,inpatient,32.0,34.0,42.0,42.0,21.0,21.0,21.0,Trueblood-Report-2020-02.pdf,(local) Trueblood-Report-2020-02.pdf,2a357dc93979,12,Table 4b
WA,2019-04,RTF,restoration,inpatient,39.0,33.0,32.7,40.0,30.0,27.0,30.0,Trueblood-Report-2020-02.pdf,(local) Trueblood-Report-2020-02.pdf,2a357dc93979,12,Table 4b
WA,2019-05,RTF,restoration,inpatient,38.0,35.0,40.1,46.0,17.0,17.0,20.0,Trueblood-Report-2020-06.pdf,(local) Trueblood-Report-2020-06.pdf,99295309355d,14,Table 4b
WA,2019-06,RTF,restoration,inpatient,31.0,28.0,41.1,48.5,18.0,18.0,18.0,Trueblood-Report-2020-07.pdf,(local) Trueblood-Report-2020-07.pdf,7f9e598ef9df,14,Table 4b
WA,2019-07,RTF,restoration,inpatient,34.0,47.0,43.7,48.0,15.0,15.0,17.0,Trueblood-Report-2020-07.pdf,(local) Trueblood-Report-2020-07.pdf,7f9e598ef9df,14,Table 4b
WA,2019-08,RTF,restoration,inpatient,46.0,35.0,38.3,42.0,29.0,29.0,29.0,Trueblood-Report-2020-07.pdf,(local) Trueblood-Report-2020-07.pdf,7f9e598ef9df,14,Table 4b
WA,2019-09,RTF,restoration,inpatient,22.0,28.0,47.9,56.0,14.0,14.0,14.0,Trueblood-Report-2020-10.pdf,(local) Trueblood-Report-2020-10.pdf,2bedf0f4cfff,16,Table 4b
WA,2019-10,RTF,restoration,inpatient,43.0,47.0,41.1,48.0,17.0,19.0,19.0,Trueblood-Report-2020-11.pdf,(local) Trueblood-Report-2020-11.pdf,595ab0efa441,16,Table 4b
WA,2019-11,RTF,restoration,inpatient,54.0,40.0,28.0,32.5,30.0,30.0,30.0,Trueblood-Report-2020-12.pdf,(local) Trueblood-Report-2020-12.pdf,197278ce3fbf,15,Table 4b
WA,2019-12,RTF,restoration,inpatient,37.0,41.0,27.1,27.0,22.0,22.0,22.0,Trueblood-Report-2021-01.pdf,(local) Trueblood-Report-2021-01.pdf,ee5f4e460f7b,15,Table 4b
WA,2020-01,RTF,restoration,inpatient,47.0,48.0,41.2,42.5,4.0,4.0,4.0,Trueblood-Report-2021-02.pdf,(local) Trueblood-Report-2021-02.pdf,b54a5a28745c,14,Table 4b
WA,2020-02,RTF,restoration,inpatient,16.0,33.0,36.7,34.0,6.0,6.0,6.0,Trueblood-Report-2021-03.pdf,(local) Trueblood-Report-2021-03.pdf,6b2aa713e0fb,14,Table 4b
WA,2020-03,RTF,restoration,inpatient,29.0,31.0,36.9,33.0,3.0,3.0,3.0,Trueblood-Report-2021-04.pdf,(local) Trueblood-Report-2021-04.pdf,4b588bfa8cf2,14,Table 4b
WA,2020-04,RTF,restoration,inpatient,26.0,25.0,33.2,27.0,8.0,12.0,12.0,Trueblood-Report-2021-05.pdf,(local) Trueblood-Report-2021-05.pdf,0cb3da8cda63,14,Table 4b
WA,2020-05,RTF,restoration,inpatient,18.0,21.0,47.4,38.0,0.0,0.0,0.0,Trueblood-Report-2021-06.pdf,(local) Trueblood-Report-2021-06.pdf,aecc13a6d1dc,14,Table 4b
WA,2020-06,RTF,restoration,inpatient,26.0,23.0,43.8,41.0,9.0,9.0,9.0,Trueblood-Report-2021-07.pdf,(local) Trueblood-Report-2021-07.pdf,5d748b19d1a9,14,Table 4b
WA,2020-07,RTF,restoration,inpatient,32.0,35.0,36.8,33.0,3.0,3.0,3.0,Trueblood-Report-2021-08.pdf,(local) Trueblood-Report-2021-08.pdf,8c4284e1d388,14,Table 4b
WA,2020-08,RTF,restoration,inpatient,48.0,34.0,23.7,21.5,3.0,3.0,3.0,Trueblood-Report-2021-09.pdf,(local) Trueblood-Report-2021-09.pdf,19b1ac35a2cc,14,Table 4b
WA,2020-09,RTF,restoration,inpatient,42.0,46.0,23.5,20.0,9.0,9.0,9.0,Trueblood-Report-2021-10.pdf,(local) Trueblood-Report-2021-10.pdf,97de982233a3,14,Table 4b
WA,2020-10,RTF,restoration,inpatient,50.0,41.0,32.1,28.0,10.0,10.0,10.0,Trueblood-Report-2021-11.pdf,(local) Trueblood-Report-2021-11.pdf,a4ddd236f8ce,14,Table 4b
WA,2020-11,RTF,restoration,inpatient,23.0,30.0,26.4,23.0,17.0,17.0,17.0,Trueblood-Report-2021-12.pdf,(local) Trueblood-Report-2021-12.pdf,84321c2e419d,14,Table 4b
WA,2020-12,RTF,restoration,inpatient,47.0,35.0,36.3,34.0,11.0,11.0,11.0,Trueblood-Report-2022-01.pdf,(local) Trueblood-Report-2022-01.pdf,80a1c9a9027a,14,Table 4b
WA,2021-01,RTF,restoration,inpatient,35.0,31.0,49.1,41.0,3.0,3.0,3.0,Trueblood-Report-2022-02.pdf,(local) Trueblood-Report-2022-02.pdf,7e0983577785,15,Table 4b
WA,2021-02,RTF,restoration,inpatient,30.0,37.0,45.5,37.0,0.0,0.0,0.0,Trueblood-Report-2022-03.pdf,(local) Trueblood-Report-2022-03.pdf,758295511742,15,Table 4b
WA,2021-03,RTF,restoration,inpatient,36.0,47.0,40.1,42.0,6.0,6.0,6.0,Trueblood-Report-2022-03.pdf,(local) Trueblood-Report-2022-03.pdf,758295511742,15,Table 4b
WA,2021-04,RTF,restoration,inpatient,39.0,48.0,24.4,21.0,17.0,17.0,17.0,Trueblood-Report-2022-05.pdf,(local) Trueblood-Report-2022-05.pdf,6fa242a431c7,15,Table 4b
WA,2021-05,RTF,restoration,inpatient,26.0,26.0,26.5,25.0,8.0,8.0,8.0,Trueblood-Report-2022-06.pdf,(local) Trueblood-Report-2022-06.pdf,fac7ad731caf,15,Table 4b
WA,2021-06,RTF,restoration,inpatient,23.0,32.0,28.9,27.0,0.0,0.0,3.0,Trueblood-Report-2022-07.pdf,(local) Trueblood-Report-2022-07.pdf,1ed794b880ce,15,Table 4b
WA,2021-07,RTF,restoration,inpatient,22.0,18.0,38.7,40.0,0.0,0.0,0.0,Trueblood-Report-2022-08.pdf,(local) Trueblood-Report-2022-08.pdf,76874be56410,15,Table 4b
WA,2021-08,RTF,restoration,inpatient,35.0,10.0,52.8,45.0,0.0,0.0,0.0,Trueblood-Report-2022-09.pdf,(local) Trueblood-Report-2022-09.pdf,74671e617b2c,15,Table 4b
WA,2021-09,RTF,restoration,inpatient,26.0,11.0,51.3,56.0,0.0,0.0,0.0,Trueblood-Report-2022-10.pdf,(local) Trueblood-Report-2022-10.pdf,625cf77b4b24,15,Table 4b
WA,2021-10,RTF,restoration,inpatient,30.0,39.0,59.2,61.0,0.0,0.0,0.0,Trueblood-Report-2022-11.pdf,(local) Trueblood-Report-2022-11.pdf,e8b82f16473a,15,Table 4b
WA,2021-11,RTF,restoration,inpatient,33.0,35.0,51.8,57.0,9.0,9.0,9.0,Trueblood-Report-2022-11.pdf,(local) Trueblood-Report-2022-11.pdf,e8b82f16473a,15,Table 4b
WA,2021-12,RTF,restoration,inpatient,23.0,27.0,59.1,67.0,0.0,0.0,4.0,Trueblood-Report-2023-01.pdf,(local) Trueblood-Report-2023-01.pdf,3a0d5b251edc,15,Table 4b
WA,2022-01,RTF,restoration,inpatient,28.0,18.0,55.3,55.5,0.0,0.0,0.0,Trueblood-Report-2023-02.pdf,(local) Trueblood-Report-2023-02.pdf,7009c637f545,15,Table 4b
WA,2022-02,RTF,restoration,inpatient,33.0,25.0,76.4,82.0,0.0,0.0,0.0,Trueblood-Report-2023-02.pdf,(local) Trueblood-Report-2023-02.pdf,7009c637f545,15,Table 4b
WA,2022-03,RTF,restoration,inpatient,27.0,40.0,66.5,64.0,0.0,0.0,0.0,Trueblood-Report-2023-04.pdf,(local) Trueblood-Report-2023-04.pdf,1a09abe029a9,15,Table 4b
WA,2022-04,RTF,restoration,inpatient,47.0,28.0,56.0,54.5,4.0,4.0,4.0,Trueblood-Report-2023-05.pdf,(local) Trueblood-Report-2023-05.pdf,485d112f4341,15,Table 4b
WA,2022-05,RTF,restoration,inpatient,31.0,35.0,49.7,50.0,6.0,6.0,6.0,Trueblood-Report-2023-06.pdf,(local) Trueblood-Report-2023-06.pdf,69cb8ee59778,16,Table 4b
WA,2022-06,RTF,restoration,inpatient,26.0,25.0,61.4,60.0,8.0,8.0,8.0,Trueblood-Report-2023-06.pdf,(local) Trueblood-Report-2023-06.pdf,69cb8ee59778,16,Table 4b
WA,2022-07,RTF,restoration,inpatient,19.0,31.0,68.3,63.0,0.0,0.0,0.0,Trueblood-Report-2023-08.pdf,(local) Trueblood-Report-2023-08.pdf,db59247b803f,16,Table 4b
WA,2022-08,RTF,restoration,inpatient,17.0,23.0,75.1,76.0,0.0,0.0,0.0,Trueblood-Report-2023-09.pdf,(local) Trueblood-Report-2023-09.pdf,f8377cdfa1b9,16,Table 4b
WA,2022-09,RTF,restoration,inpatient,39.0,31.0,73.2,82.0,0.0,0.0,0.0,Trueblood-Report-2023-10.pdf,(local) Trueblood-Report-2023-10.pdf,f047e00db7ce,16,Table 4b
WA,2022-10,RTF,restoration,inpatient,34.0,36.0,56.6,35.5,6.0,6.0,6.0,Trueblood-Report-2023-11.pdf,(local) Trueblood-Report-2023-11.pdf,15755243894b,16,Table 4b
WA,2022-11,RTF,restoration,inpatient,18.0,30.0,47.0,33.5,3.0,3.0,3.0,Trueblood-Report-2023-12.pdf,(local) Trueblood-Report-2023-12.pdf,5bbaa732398b,16,Table 4b
WA,2022-12,RTF,restoration,inpatient,40.0,27.0,53.6,47.0,4.0,4.0,4.0,Trueblood-Report-2024-01.pdf,(local) Trueblood-Report-2024-01.pdf,8133c8ee7330,16,Table 4b
WA,2023-01,RTF,restoration,inpatient,23.0,19.0,52.8,42.0,5.0,5.0,5.0,Trueblood-Report-2024-02.pdf,(local) Trueblood-Report-2024-02.pdf,fd865b0cb050,16,Table 4b
WA,2023-02,RTF,restoration,inpatient,23.0,35.0,62.8,56.0,0.0,3.0,3.0,Trueblood-Report-2024-03.pdf,(local) Trueblood-Report-2024-03.pdf,549e58928e44,16,Table 4b
WA,2023-03,RTF,restoration,inpatient,29.0,27.0,106.8,97.0,0.0,0.0,0.0,Trueblood-Report-2024-04.pdf,(local) Trueblood-Report-2024-04.pdf,5636183a032d,16,Table 4b
WA,2023-04,RTF,restoration,inpatient,20.0,20.0,47.1,48.0,15.0,15.0,15.0,Trueblood-Report-2024-05.pdf,(local) Trueblood-Report-2024-05.pdf,ca3168328dcc,16,Table 4b
WA,2023-05,RTF,restoration,inpatient,25.0,43.0,61.5,67.0,9.0,9.0,9.0,Trueblood-Report-2024-05.pdf,(local) Trueblood-Report-2024-05.pdf,ca3168328dcc,16,Table 4b
WA,2023-06,RTF,restoration,inpatient,17.0,16.0,56.6,48.5,0.0,0.0,0.0,Trueblood-Report-2024-05.pdf,(local) Trueblood-Report-2024-05.pdf,ca3168328dcc,16,Table 4b
WA,2023-07,RTF,restoration,inpatient,20.0,27.0,59.1,57.0,4.0,4.0,4.0,Trueblood-Report-2024-08.pdf,(local) Trueblood-Report-2024-08.pdf,14009159338a,16,Table 4b
WA,2023-08,RTF,restoration,inpatient,24.0,24.0,45.6,49.0,0.0,0.0,0.0,Trueblood-Report-2024-09.pdf,(local) Trueblood-Report-2024-09.pdf,3bfc640f8b9d,16,Table 4b
WA,2023-09,RTF,restoration,inpatient,19.0,15.0,48.4,55.0,0.0,0.0,0.0,Trueblood-Report-2024-10.pdf,(local) Trueblood-Report-2024-10.pdf,46d3b90ae09f,17,Table 4b
WA,2023-10,RTF,restoration,inpatient,13.0,34.0,43.8,35.5,6.0,6.0,6.0,Trueblood-Report-2024-11.pdf,(local) Trueblood-Report-2024-11.pdf,53aaf66ede40,17,Table 5b
WA,2023-11,RTF,restoration,inpatient,40.0,33.0,17.7,15.0,9.0,9.0,9.0,Trueblood-Report-2024-12.pdf,(local) Trueblood-Report-2024-12.pdf,faf2ed19cc54,20,Table 5b
WA,2023-12,RTF,restoration,inpatient,38.0,31.0,18.5,18.0,3.0,10.0,10.0,Trueblood-Report-2025-01.pdf,(local) Trueblood-Report-2025-01.pdf,901f55094ef0,20,Table 5b
WA,2024-01,RTF,restoration,inpatient,11.0,33.0,26.8,23.0,3.0,3.0,3.0,Trueblood-Report-2025-02.pdf,(local) Trueblood-Report-2025-02.pdf,265ae906e2cb,20,Table 5b
WA,2024-02,RTF,restoration,inpatient,42.0,37.0,8.7,7.0,68.0,73.0,73.0,Trueblood-Report-2025-03.pdf,(local) Trueblood-Report-2025-03.pdf,07ce04aa2201,20,Table 5b
WA,2024-03,RTF,restoration,inpatient,17.0,19.0,10.3,11.0,26.0,37.0,37.0,Trueblood-Report-2025-04.pdf,(local) Trueblood-Report-2025-04.pdf,ccf190df18c8,20,Table 5b
WA,2024-04,RTF,restoration,inpatient,22.0,26.0,5.5,6.0,88.0,96.0,100.0,Trueblood-Report-2025-05.pdf,(local) Trueblood-Report-2025-05.pdf,3476aedc530f,20,Table 5b
WA,2024-05,RTF,restoration,inpatient,11.0,15.0,5.7,6.0,100.0,100.0,100.0,Trueblood-Report-2025-06.pdf,(local) Trueblood-Report-2025-06.pdf,eb0f8715a502,20,Table 5b
WA,2024-06,RTF,restoration,inpatient,13.0,10.0,5.2,5.0,90.0,90.0,90.0,Trueblood-Report-2025-07.pdf,(local) Trueblood-Report-2025-07.pdf,3593428da632,20,Table 5b
WA,2024-07,RTF,restoration,inpatient,21.0,20.0,5.3,6.0,100.0,100.0,100.0,Trueblood-Report-2025-08.pdf,(local) Trueblood-Report-2025-08.pdf,4e61c15429a2,21,Table 5b
WA,2024-08,RTF,restoration,inpatient,21.0,21.0,5.4,6.0,100.0,100.0,100.0,Trueblood-Report-2025-09.pdf,(local) Trueblood-Report-2025-09.pdf,b967b422d8e7,22,Table 5b
WA,2024-09,RTF,restoration,inpatient,17.0,16.0,5.7,6.0,88.0,94.0,100.0,Trueblood-Report-2025-10.pdf,(local) Trueblood-Report-2025-10.pdf,576a95fe6dda,22,Table 5b
WA,2024-10,RTF,restoration,inpatient,19.0,20.0,5.4,6.0,100.0,100.0,100.0,Trueblood-Report-2025-11.pdf,(local) Trueblood-Report-2025-11.pdf,c4932d189f27,22,Table 5b
WA,2024-11,RTF,restoration,inpatient,6.0,9.0,12.3,6.0,78.0,78.0,78.0,Trueblood-Report-2025-12.pdf,(local) Trueblood-Report-2025-12.pdf,c2cca9e44936,22,Table 5b
WA,2024-12,RTF,restoration,inpatient,16.0,16.0,7.4,5.5,88.0,88.0,94.0,Trueblood-Report-2026-01.pdf,(local) Trueblood-Report-2026-01.pdf,7c0ee14e8083,22,Table 5b
WA,2025-01,RTF,restoration,inpatient,14.0,13.0,5.8,6.0,92.0,92.0,100.0,Trueblood-Report-2026-02.pdf,(local) Trueblood-Report-2026-02.pdf,62cb0b228080,22,Table 5b
WA,2025-02,RTF,restoration,inpatient,11.0,11.0,5.0,6.0,100.0,100.0,100.0,Trueblood-Report-2026-03.pdf,(local) Trueblood-Report-2026-03.pdf,f84492e7b4b1,23,Table 5b
WA,2025-03,RTF,restoration,inpatient,14.0,16.0,5.9,6.0,88.0,94.0,100.0,Trueblood-Report-2026-04.pdf,(local) Trueblood-Report-2026-04.pdf,bb022575e7bf,23,Table 5b
WA,2025-04,RTF,restoration,inpatient,8.0,6.0,6.0,6.0,67.0,83.0,100.0,Trueblood-Report-2026-05.pdf,(local) Trueblood-Report-2026-05.pdf,8494818a4829,22,Table 5b
WA,2025-05,RTF,restoration,inpatient,11.0,11.0,5.8,7.0,100.0,100.0,100.0,Trueblood-Report-2026-06.pdf,(local) Trueblood-Report-2026-06.pdf,1f7fce53996c,22,Table 5b
WA,2025-06,RTF,restoration,inpatient,6.0,6.0,4.8,5.5,83.0,83.0,83.0,Trueblood-Report-2026-06.pdf,(local) Trueblood-Report-2026-06.pdf,1f7fce53996c,22,Table 5b
WA,2025-07,RTF,restoration,inpatient,12.0,14.0,6.4,6.0,79.0,86.0,93.0,Trueblood-Report-2026-06.pdf,(local) Trueblood-Report-2026-06.pdf,1f7fce53996c,22,Table 5b
WA,2025-08,RTF,restoration,inpatient,11.0,8.0,6.6,7.0,88.0,100.0,100.0,Trueblood-Report-2026-06.pdf,(local) Trueblood-Report-2026-06.pdf,1f7fce53996c,22,Table 5b
WA,2025-09,RTF,restoration,inpatient,6.0,8.0,5.8,6.0,88.0,88.0,100.0,Trueblood-Report-2026-06.pdf,(local) Trueblood-Report-2026-06.pdf,1f7fce53996c,22,Table 5b
WA,2025-10,RTF,restoration,inpatient,14.0,12.0,5.6,6.0,92.0,92.0,100.0,Trueblood-Report-2026-06.pdf,(local) Trueblood-Report-2026-06.pdf,1f7fce53996c,22,Table 5b
WA,2025-11,RTF,restoration,inpatient,10.0,12.0,5.9,6.0,100.0,100.0,100.0,Trueblood-Report-2026-06.pdf,(local) Trueblood-Report-2026-06.pdf,1f7fce53996c,22,Table 5b
WA,2025-12,RTF,restoration,inpatient,13.0,11.0,6.1,7.0,91.0,91.0,100.0,Trueblood-Report-2026-06.pdf,(local) Trueblood-Report-2026-06.pdf,1f7fce53996c,22,Table 5b
WA,2026-01,RTF,restoration,inpatient,11.0,11.0,6.5,7.0,100.0,100.0,100.0,Trueblood-Report-2026-06.pdf,(local) Trueblood-Report-2026-06.pdf,1f7fce53996c,22,Table 5b
WA,2026-02,RTF,restoration,inpatient,12.0,13.0,5.9,6.0,85.0,85.0,92.0,Trueblood-Report-2026-06.pdf,(local) Trueblood-Report-2026-06.pdf,1f7fce53996c,22,Table 5b
WA,2026-03,RTF,restoration,inpatient,12.0,10.0,5.6,6.0,80.0,90.0,100.0,Trueblood-Report-2026-06.pdf,(local) Trueblood-Report-2026-06.pdf,1f7fce53996c,22,Table 5b
WA,2026-04,RTF,restoration,inpatient,11.0,10.0,5.3,6.5,80.0,90.0,100.0,Trueblood-Report-2026-06.pdf,(local) Trueblood-Report-2026-06.pdf,1f7fce53996c,22,Table 5b
WA,2026-05,RTF,restoration,inpatient,6.0,9.0,7.0,7.0,67.0,100.0,100.0,Trueblood-Report-2026-06.pdf,(local) Trueblood-Report-2026-06.pdf,1f7fce53996c,22,Table 5b
WA,2018-04,TOTAL,evaluation,inpatient,17.0,21.0,34.9,23.0,0.0,0.0,0.0,Trueblood-Report-2019-05.pdf,(local) Trueblood-Report-2019-05.pdf,48ba75917cc4,14,Table 3b
WA,2018-05,TOTAL,evaluation,inpatient,22.0,15.0,34.1,38.0,5.0,5.0,5.0,Trueblood-Report-2019-05.pdf,(local) Trueblood-Report-2019-05.pdf,48ba75917cc4,14,Table 3b
WA,2018-06,TOTAL,evaluation,inpatient,19.0,17.0,30.2,31.5,3.0,3.0,3.0,Trueblood-Report-2019-07.pdf,(local) Trueblood-Report-2019-07.pdf,a2b6ac7e38ef,14,Table 3b
WA,2018-07,TOTAL,evaluation,inpatient,23.0,18.0,25.1,28.5,8.0,8.0,8.0,Trueblood-Report-2019-07.pdf,(local) Trueblood-Report-2019-07.pdf,a2b6ac7e38ef,14,Table 3b
WA,2018-08,TOTAL,evaluation,inpatient,17.0,18.0,36.7,35.0,6.0,6.0,6.0,Trueblood-Report-2019-07.pdf,(local) Trueblood-Report-2019-07.pdf,a2b6ac7e38ef,14,Table 3b
WA,2018-09,TOTAL,evaluation,inpatient,13.0,18.0,39.8,42.0,0.0,0.0,0.0,Trueblood-Report-2019-10.pdf,(local) Trueblood-Report-2019-10.pdf,68a64fa8c402,15,Table 9
WA,2018-10,TOTAL,evaluation,inpatient,22.0,21.0,35.0,33.0,14.0,14.0,19.0,Trueblood-Report-2019-11.pdf,(local) Trueblood-Report-2019-11.pdf,6ba93df67949,15,Table 9
WA,2018-11,TOTAL,evaluation,inpatient,26.0,25.0,27.8,29.0,0.0,8.0,8.0,Trueblood-Report-2019-12.pdf,(local) Trueblood-Report-2019-12.pdf,ff3749aafc99,15,Table 9
WA,2018-12,TOTAL,evaluation,inpatient,27.0,23.0,27.2,32.0,4.0,4.0,9.0,Trueblood-Report-2020-01.pdf,(local) Trueblood-Report-2020-01.pdf,9eb8848df148,16,Table 9
WA,2019-01,TOTAL,evaluation,inpatient,23.0,26.0,29.1,29.0,8.0,8.0,12.0,Trueblood-Report-2020-02.pdf,(local) Trueblood-Report-2020-02.pdf,2a357dc93979,17,Table 9
WA,2019-02,TOTAL,evaluation,inpatient,16.0,17.0,33.8,38.0,6.0,6.0,6.0,Trueblood-Report-2020-02.pdf,(local) Trueblood-Report-2020-02.pdf,2a357dc93979,17,Table 9
WA,2019-03,TOTAL,evaluation,inpatient,26.0,28.0,22.8,20.5,29.0,29.0,36.0,Trueblood-Report-2020-02.pdf,(local) Trueblood-Report-2020-02.pdf,2a357dc93979,17,Table 9
WA,2019-04,TOTAL,evaluation,inpatient,27.0,18.0,23.8,21.0,11.0,11.0,11.0,Trueblood-Report-2020-02.pdf,(local) Trueblood-Report-2020-02.pdf,2a357dc93979,17,Table 9
WA,2019-05,TOTAL,evaluation,inpatient,25.0,22.0,35.5,41.0,9.0,9.0,9.0,Trueblood-Report-2020-06.pdf,(local) Trueblood-Report-2020-06.pdf,99295309355d,19,Table 9
WA,2019-06,TOTAL,evaluation,inpatient,20.0,20.0,37.2,42.0,5.0,5.0,5.0,Trueblood-Report-2020-07.pdf,(local) Trueblood-Report-2020-07.pdf,7f9e598ef9df,19,Table 9
WA,2019-07,TOTAL,evaluation,inpatient,14.0,21.0,43.3,42.0,0.0,0.0,5.0,Trueblood-Report-2020-07.pdf,(local) Trueblood-Report-2020-07.pdf,7f9e598ef9df,19,Table 9
WA,2019-08,TOTAL,evaluation,inpatient,27.0,26.0,36.8,46.0,15.0,15.0,15.0,Trueblood-Report-2020-07.pdf,(local) Trueblood-Report-2020-07.pdf,7f9e598ef9df,19,Table 9
WA,2019-09,TOTAL,evaluation,inpatient,21.0,22.0,40.8,34.0,14.0,14.0,18.0,Trueblood-Report-2020-10.pdf,(local) Trueblood-Report-2020-10.pdf,2bedf0f4cfff,22,Table 9
WA,2019-10,TOTAL,evaluation,inpatient,8.0,21.0,43.7,47.0,5.0,5.0,10.0,Trueblood-Report-2020-11.pdf,(local) Trueblood-Report-2020-11.pdf,595ab0efa441,22,Table 9
WA,2019-11,TOTAL,evaluation,inpatient,17.0,15.0,29.5,26.0,7.0,7.0,7.0,Trueblood-Report-2020-12.pdf,(local) Trueblood-Report-2020-12.pdf,197278ce3fbf,21,Table 9
WA,2019-12,TOTAL,evaluation,inpatient,15.0,17.0,27.0,30.0,12.0,12.0,24.0,Trueblood-Report-2021-01.pdf,(local) Trueblood-Report-2021-01.pdf,ee5f4e460f7b,21,Table 9
WA,2020-01,TOTAL,evaluation,inpatient,19.0,12.0,20.1,23.0,8.0,8.0,8.0,Trueblood-Report-2021-02.pdf,(local) Trueblood-Report-2021-02.pdf,b54a5a28745c,20,Table 9
WA,2020-02,TOTAL,evaluation,inpatient,13.0,14.0,14.8,21.5,14.0,14.0,21.0,Trueblood-Report-2021-03.pdf,(local) Trueblood-Report-2021-03.pdf,6b2aa713e0fb,20,Table 9
WA,2020-03,TOTAL,evaluation,inpatient,10.0,11.0,48.8,50.0,9.0,9.0,9.0,Trueblood-Report-2021-04.pdf,(local) Trueblood-Report-2021-04.pdf,4b588bfa8cf2,20,Table 9
WA,2020-04,TOTAL,evaluation,inpatient,6.0,4.0,16.8,12.0,50.0,50.0,50.0,Trueblood-Report-2021-05.pdf,(local) Trueblood-Report-2021-05.pdf,0cb3da8cda63,20,Table 9
WA,2020-05,TOTAL,evaluation,inpatient,7.0,4.0,36.3,30.0,25.0,25.0,25.0,Trueblood-Report-2021-06.pdf,(local) Trueblood-Report-2021-06.pdf,aecc13a6d1dc,20,Table 9
WA,2020-06,TOTAL,evaluation,inpatient,26.0,10.0,65.7,55.5,0.0,0.0,0.0,Trueblood-Report-2021-07.pdf,(local) Trueblood-Report-2021-07.pdf,5d748b19d1a9,20,Table 9
WA,2020-07,TOTAL,evaluation,inpatient,18.0,8.0,39.5,31.5,13.0,13.0,25.0,Trueblood-Report-2021-07.pdf,(local) Trueblood-Report-2021-07.pdf,5d748b19d1a9,20,Table 9
WA,2020-08,TOTAL,evaluation,inpatient,9.0,22.0,91.1,80.0,0.0,0.0,0.0,Trueblood-Report-2021-09.pdf,(local) Trueblood-Report-2021-09.pdf,19b1ac35a2cc,20,Table 9
WA,2020-09,TOTAL,evaluation,inpatient,18.0,22.0,52.6,63.5,9.0,9.0,9.0,Trueblood-Report-2021-10.pdf,(local) Trueblood-Report-2021-10.pdf,97de982233a3,20,Table 9
WA,2020-10,TOTAL,evaluation,inpatient,35.0,27.0,47.1,36.0,15.0,19.0,26.0,Trueblood-Report-2021-11.pdf,(local) Trueblood-Report-2021-11.pdf,a4ddd236f8ce,20,Table 9
WA,2020-11,TOTAL,evaluation,inpatient,27.0,18.0,51.7,37.0,6.0,6.0,6.0,Trueblood-Report-2021-12.pdf,(local) Trueblood-Report-2021-12.pdf,84321c2e419d,20,Table 9
WA,2020-12,TOTAL,evaluation,inpatient,31.0,29.0,46.1,35.0,3.0,3.0,3.0,Trueblood-Report-2022-01.pdf,(local) Trueblood-Report-2022-01.pdf,80a1c9a9027a,20,Table 9
WA,2021-01,TOTAL,evaluation,inpatient,31.0,25.0,57.6,61.0,4.0,4.0,8.0,Trueblood-Report-2022-02.pdf,(local) Trueblood-Report-2022-02.pdf,7e0983577785,22,Table 9
WA,2021-02,TOTAL,evaluation,inpatient,22.0,45.0,43.1,41.0,2.0,2.0,13.0,Trueblood-Report-2022-03.pdf,(local) Trueblood-Report-2022-03.pdf,758295511742,22,Table 9
WA,2021-03,TOTAL,evaluation,inpatient,37.0,32.0,43.4,39.0,6.0,6.0,9.0,Trueblood-Report-2022-03.pdf,(local) Trueblood-Report-2022-03.pdf,758295511742,22,Table 9
WA,2021-04,TOTAL,evaluation,inpatient,20.0,40.0,31.5,30.0,3.0,3.0,8.0,Trueblood-Report-2022-05.pdf,(local) Trueblood-Report-2022-05.pdf,6fa242a431c7,22,Table 9
WA,2021-05,TOTAL,evaluation,inpatient,21.0,18.0,31.3,31.0,6.0,6.0,11.0,Trueblood-Report-2022-06.pdf,(local) Trueblood-Report-2022-06.pdf,fac7ad731caf,22,Table 9
WA,2021-06,TOTAL,evaluation,inpatient,27.0,27.0,20.5,24.0,19.0,19.0,33.0,Trueblood-Report-2022-07.pdf,(local) Trueblood-Report-2022-07.pdf,1ed794b880ce,22,Table 9
WA,2021-07,TOTAL,evaluation,inpatient,24.0,27.0,18.9,23.0,11.0,11.0,11.0,Trueblood-Report-2022-08.pdf,(local) Trueblood-Report-2022-08.pdf,76874be56410,22,Table 9
WA,2021-08,TOTAL,evaluation,inpatient,34.0,16.0,21.4,16.5,25.0,31.0,31.0,Trueblood-Report-2022-09.pdf,(local) Trueblood-Report-2022-09.pdf,74671e617b2c,22,Table 9
WA,2021-09,TOTAL,evaluation,inpatient,29.0,20.0,30.9,34.0,20.0,20.0,20.0,Trueblood-Report-2022-10.pdf,(local) Trueblood-Report-2022-10.pdf,625cf77b4b24,22,Table 9
WA,2021-10,TOTAL,evaluation,inpatient,17.0,29.0,49.9,55.0,3.0,3.0,3.0,Trueblood-Report-2022-10.pdf,(local) Trueblood-Report-2022-10.pdf,625cf77b4b24,22,Table 9
WA,2021-11,TOTAL,evaluation,inpatient,25.0,23.0,37.3,40.0,13.0,17.0,17.0,Trueblood-Report-2022-10.pdf,(local) Trueblood-Report-2022-10.pdf,625cf77b4b24,22,Table 9
WA,2021-12,TOTAL,evaluation,inpatient,31.0,30.0,44.0,36.0,0.0,0.0,7.0,Trueblood-Report-2023-01.pdf,(local) Trueblood-Report-2023-01.pdf,3a0d5b251edc,22,Table 9
WA,2022-01,TOTAL,evaluation,inpatient,32.0,20.0,25.7,23.0,20.0,20.0,30.0,Trueblood-Report-2023-02.pdf,(local) Trueblood-Report-2023-02.pdf,7009c637f545,22,Table 9
WA,2022-02,TOTAL,evaluation,inpatient,22.0,21.0,44.2,49.0,19.0,24.0,24.0,Trueblood-Report-2023-02.pdf,(local) Trueblood-Report-2023-02.pdf,7009c637f545,22,Table 9
WA,2022-03,TOTAL,evaluation,inpatient,16.0,32.0,61.7,72.0,3.0,3.0,3.0,Trueblood-Report-2023-04.pdf,(local) Trueblood-Report-2023-04.pdf,1a09abe029a9,22,Table 9
WA,2022-04,TOTAL,evaluation,inpatient,25.0,20.0,39.9,27.0,15.0,20.0,25.0,Trueblood-Report-2023-05.pdf,(local) Trueblood-Report-2023-05.pdf,485d112f4341,22,Table 9
WA,2022-05,TOTAL,evaluation,inpatient,15.0,20.0,23.2,13.5,10.0,10.0,15.0,Trueblood-Report-2023-06.pdf,(local) Trueblood-Report-2023-06.pdf,69cb8ee59778,23,Table 9
WA,2022-06,TOTAL,evaluation,inpatient,22.0,19.0,68.1,50.0,5.0,5.0,5.0,Trueblood-Report-2023-06.pdf,(local) Trueblood-Report-2023-06.pdf,69cb8ee59778,23,Table 9
WA,2022-07,TOTAL,evaluation,inpatient,34.0,21.0,37.3,16.0,43.0,43.0,43.0,Trueblood-Report-2023-08.pdf,(local) Trueblood-Report-2023-08.pdf,db59247b803f,23,Table 9
WA,2022-08,TOTAL,evaluation,inpatient,35.0,25.0,33.7,29.0,16.0,16.0,20.0,Trueblood-Report-2023-09.pdf,(local) Trueblood-Report-2023-09.pdf,f8377cdfa1b9,23,Table 9
WA,2022-09,TOTAL,evaluation,inpatient,39.0,32.0,45.7,33.0,3.0,3.0,9.0,Trueblood-Report-2023-10.pdf,(local) Trueblood-Report-2023-10.pdf,f047e00db7ce,23,Table 9
WA,2022-10,TOTAL,evaluation,inpatient,25.0,23.0,63.3,36.0,9.0,9.0,9.0,Trueblood-Report-2023-11.pdf,(local) Trueblood-Report-2023-11.pdf,15755243894b,23,Table 9
WA,2022-11,TOTAL,evaluation,inpatient,13.0,8.0,69.9,62.0,0.0,0.0,0.0,Trueblood-Report-2023-12.pdf,(local) Trueblood-Report-2023-12.pdf,5bbaa732398b,23,Table 9
WA,2022-12,TOTAL,evaluation,inpatient,19.0,19.0,102.7,91.0,11.0,11.0,11.0,Trueblood-Report-2024-01.pdf,(local) Trueblood-Report-2024-01.pdf,8133c8ee7330,23,Table 9
WA,2023-01,TOTAL,evaluation,inpatient,17.0,30.0,78.7,84.0,3.0,3.0,3.0,Trueblood-Report-2024-02.pdf,(local) Trueblood-Report-2024-02.pdf,fd865b0cb050,23,Table 9
WA,2023-02,TOTAL,evaluation,inpatient,7.0,19.0,133.1,126.0,0.0,0.0,0.0,Trueblood-Report-2024-03.pdf,(local) Trueblood-Report-2024-03.pdf,549e58928e44,23,Table 9
WA,2023-03,TOTAL,evaluation,inpatient,9.0,25.0,125.0,140.0,0.0,0.0,0.0,Trueblood-Report-2024-04.pdf,(local) Trueblood-Report-2024-04.pdf,5636183a032d,23,Table 9
WA,2023-04,TOTAL,evaluation,inpatient,6.0,19.0,90.7,90.0,5.0,5.0,5.0,Trueblood-Report-2024-05.pdf,(local) Trueblood-Report-2024-05.pdf,ca3168328dcc,23,Table 9
WA,2023-05,TOTAL,evaluation,inpatient,5.0,15.0,101.0,117.0,0.0,0.0,0.0,Trueblood-Report-2024-05.pdf,(local) Trueblood-Report-2024-05.pdf,ca3168328dcc,23,Table 9
WA,2023-06,TOTAL,evaluation,inpatient,9.0,11.0,27.5,25.0,27.0,27.0,27.0,Trueblood-Report-2024-05.pdf,(local) Trueblood-Report-2024-05.pdf,ca3168328dcc,23,Table 9
WA,2023-07,TOTAL,evaluation,inpatient,16.0,9.0,20.4,14.0,0.0,0.0,0.0,Trueblood-Report-2024-08.pdf,(local) Trueblood-Report-2024-08.pdf,14009159338a,23,Table 9
WA,2023-08,TOTAL,evaluation,inpatient,16.0,7.0,37.1,8.0,43.0,43.0,43.0,Trueblood-Report-2024-09.pdf,(local) Trueblood-Report-2024-09.pdf,3bfc640f8b9d,23,Table 9
WA,2023-09,TOTAL,evaluation,inpatient,14.0,15.0,46.1,52.0,13.0,13.0,13.0,Trueblood-Report-2024-10.pdf,(local) Trueblood-Report-2024-10.pdf,46d3b90ae09f,24,Table 9
WA,2023-10,TOTAL,evaluation,inpatient,10.0,22.0,40.4,42.0,0.0,0.0,0.0,Trueblood-Report-2024-11.pdf,(local) Trueblood-Report-2024-11.pdf,53aaf66ede40,24,Table 10
WA,2023-11,TOTAL,evaluation,inpatient,8.0,9.0,28.6,26.0,0.0,0.0,0.0,Trueblood-Report-2024-12.pdf,(local) Trueblood-Report-2024-12.pdf,faf2ed19cc54,33,Table 10
WA,2023-12,TOTAL,evaluation,inpatient,11.0,11.0,23.8,29.0,27.0,27.0,27.0,Trueblood-Report-2025-01.pdf,(local) Trueblood-Report-2025-01.pdf,901f55094ef0,33,Table 10
WA,2024-01,TOTAL,evaluation,inpatient,5.0,11.0,23.6,26.0,27.0,27.0,27.0,Trueblood-Report-2025-02.pdf,(local) Trueblood-Report-2025-02.pdf,265ae906e2cb,33,Table 10
WA,2024-02,TOTAL,evaluation,inpatient,12.0,8.0,15.0,12.5,13.0,13.0,13.0,Trueblood-Report-2025-03.pdf,(local) Trueblood-Report-2025-03.pdf,07ce04aa2201,33,Table 10
WA,2024-03,TOTAL,evaluation,inpatient,19.0,23.0,8.8,8.0,48.0,48.0,48.0,Trueblood-Report-2025-04.pdf,(local) Trueblood-Report-2025-04.pdf,ccf190df18c8,33,Table 10
WA,2024-04,TOTAL,evaluation,inpatient,16.0,17.0,6.4,7.0,82.0,82.0,88.0,Trueblood-Report-2025-05.pdf,(local) Trueblood-Report-2025-05.pdf,3476aedc530f,33,Table 10
WA,2024-05,TOTAL,evaluation,inpatient,17.0,15.0,6.1,6.0,87.0,93.0,93.0,Trueblood-Report-2025-06.pdf,(local) Trueblood-Report-2025-06.pdf,eb0f8715a502,33,Table 10
WA,2024-06,TOTAL,evaluation,inpatient,11.0,11.0,5.7,6.0,73.0,82.0,91.0,Trueblood-Report-2025-07.pdf,(local) Trueblood-Report-2025-07.pdf,3593428da632,33,Table 10
WA,2024-07,TOTAL,evaluation,inpatient,23.0,23.0,4.2,3.0,100.0,100.0,100.0,Trueblood-Report-2025-08.pdf,(local) Trueblood-Report-2025-08.pdf,4e61c15429a2,34,Table 10
WA,2024-08,TOTAL,evaluation,inpatient,29.0,23.0,5.8,6.0,83.0,100.0,100.0,Trueblood-Report-2025-09.pdf,(local) Trueblood-Report-2025-09.pdf,b967b422d8e7,35,Table 10
WA,2024-09,TOTAL,evaluation,inpatient,18.0,25.0,5.7,6.0,88.0,88.0,88.0,Trueblood-Report-2025-10.pdf,(local) Trueblood-Report-2025-10.pdf,576a95fe6dda,35,Table 10
WA,2024-10,TOTAL,evaluation,inpatient,15.0,14.0,10.8,5.5,86.0,86.0,86.0,Trueblood-Report-2025-11.pdf,(local) Trueblood-Report-2025-11.pdf,c4932d189f27,35,Table 10
WA,2024-11,TOTAL,evaluation,inpatient,19.0,17.0,6.8,6.0,82.0,82.0,82.0,Trueblood-Report-2025-12.pdf,(local) Trueblood-Report-2025-12.pdf,c2cca9e44936,35,Table 10
WA,2024-12,TOTAL,evaluation,inpatient,23.0,26.0,4.9,4.0,92.0,100.0,100.0,Trueblood-Report-2025-12.pdf,(local) Trueblood-Report-2025-12.pdf,c2cca9e44936,35,Table 10
WA,2025-01,TOTAL,evaluation,inpatient,25.0,23.0,5.4,5.0,87.0,96.0,100.0,Trueblood-Report-2026-02.pdf,(local) Trueblood-Report-2026-02.pdf,62cb0b228080,35,Table 10
WA,2025-02,TOTAL,evaluation,inpatient,36.0,30.0,5.5,6.0,90.0,97.0,97.0,Trueblood-Report-2026-03.pdf,(local) Trueblood-Report-2026-03.pdf,f84492e7b4b1,36,Table 10
WA,2025-03,TOTAL,evaluation,inpatient,24.0,24.0,7.1,5.0,75.0,79.0,88.0,Trueblood-Report-2026-04.pdf,(local) Trueblood-Report-2026-04.pdf,bb022575e7bf,36,Table 10
WA,2025-04,TOTAL,evaluation,inpatient,21.0,25.0,4.7,6.0,96.0,96.0,96.0,Trueblood-Report-2026-05.pdf,(local) Trueblood-Report-2026-05.pdf,8494818a4829,35,Table 10
WA,2025-05,TOTAL,evaluation,inpatient,20.0,24.0,4.1,3.5,88.0,88.0,96.0,Trueblood-Report-2026-06.pdf,(local) Trueblood-Report-2026-06.pdf,1f7fce53996c,35,Table 10
WA,2025-06,TOTAL,evaluation,inpatient,22.0,23.0,5.0,5.0,96.0,100.0,100.0,Trueblood-Report-2026-06.pdf,(local) Trueblood-Report-2026-06.pdf,1f7fce53996c,35,Table 10
WA,2025-07,TOTAL,evaluation,inpatient,31.0,31.0,4.6,5.0,97.0,100.0,100.0,Trueblood-Report-2026-06.pdf,(local) Trueblood-Report-2026-06.pdf,1f7fce53996c,35,Table 10
WA,2025-08,TOTAL,evaluation,inpatient,34.0,34.0,4.2,4.0,100.0,100.0,100.0,Trueblood-Report-2026-06.pdf,(local) Trueblood-Report-2026-06.pdf,1f7fce53996c,35,Table 10
WA,2025-09,TOTAL,evaluation,inpatient,31.0,30.0,4.0,3.5,93.0,97.0,97.0,Trueblood-Report-2026-06.pdf,(local) Trueblood-Report-2026-06.pdf,1f7fce53996c,35,Table 10
WA,2025-10,TOTAL,evaluation,inpatient,24.0,23.0,4.7,5.0,96.0,100.0,100.0,Trueblood-Report-2026-06.pdf,(local) Trueblood-Report-2026-06.pdf,1f7fce53996c,35,Table 10
WA,2025-11,TOTAL,evaluation,inpatient,26.0,21.0,6.1,5.0,86.0,90.0,90.0,Trueblood-Report-2026-06.pdf,(local) Trueblood-Report-2026-06.pdf,1f7fce53996c,35,Table 10
WA,2025-12,TOTAL,evaluation,inpatient,27.0,34.0,6.9,5.0,88.0,88.0,91.0,Trueblood-Report-2026-06.pdf,(local) Trueblood-Report-2026-06.pdf,1f7fce53996c,35,Table 10
WA,2026-01,TOTAL,evaluation,inpatient,35.0,27.0,4.4,5.0,96.0,96.0,96.0,Trueblood-Report-2026-06.pdf,(local) Trueblood-Report-2026-06.pdf,1f7fce53996c,35,Table 10
WA,2026-02,TOTAL,evaluation,inpatient,31.0,30.0,4.2,4.0,90.0,97.0,93.0,Trueblood-Report-2026-06.pdf,(local) Trueblood-Report-2026-06.pdf,1f7fce53996c,35,Table 10
WA,2026-03,TOTAL,evaluation,inpatient,43.0,40.0,4.5,4.0,93.0,95.0,95.0,Trueblood-Report-2026-06.pdf,(local) Trueblood-Report-2026-06.pdf,1f7fce53996c,35,Table 10
WA,2026-04,TOTAL,evaluation,inpatient,30.0,37.0,4.4,4.0,95.0,97.0,97.0,Trueblood-Report-2026-06.pdf,(local) Trueblood-Report-2026-06.pdf,1f7fce53996c,35,Table 10
WA,2026-05,TOTAL,evaluation,inpatient,44.0,38.0,5.4,4.0,84.0,92.0,92.0,Trueblood-Report-2026-06.pdf,(local) Trueblood-Report-2026-06.pdf,1f7fce53996c,35,Table 10
WA,2018-02,TOTAL,evaluation,jail,300.0,,9.3,9.0,72.0,72.0,73.0,Trueblood-Report-2019-03.pdf,(local) Trueblood-Report-2019-03.pdf,59180600b458,13,Table 3a
WA,2018-03,TOTAL,evaluation,jail,345.0,335.0,9.7,9.0,71.0,72.0,72.0,Trueblood-Report-2019-04.pdf,(local) Trueblood-Report-2019-04.pdf,3982102aaf56,13,Table 3a
WA,2018-04,TOTAL,evaluation,jail,316.0,332.0,10.6,10.0,71.0,72.0,72.0,Trueblood-Report-2019-05.pdf,(local) Trueblood-Report-2019-05.pdf,48ba75917cc4,13,Table 3a
WA,2018-05,TOTAL,evaluation,jail,367.0,345.0,10.1,9.0,68.0,70.0,70.0,Trueblood-Report-2019-05.pdf,(local) Trueblood-Report-2019-05.pdf,48ba75917cc4,13,Table 3a
WA,2018-06,TOTAL,evaluation,jail,352.0,336.0,10.5,10.0,65.0,67.0,67.0,Trueblood-Report-2019-05.pdf,(local) Trueblood-Report-2019-05.pdf,48ba75917cc4,13,Table 3a
WA,2018-07,TOTAL,evaluation,jail,376.0,350.0,10.7,11.0,69.0,69.0,70.0,Trueblood-Report-2019-05.pdf,(local) Trueblood-Report-2019-05.pdf,48ba75917cc4,13,Table 3a
WA,2018-08,TOTAL,evaluation,jail,390.0,388.0,10.6,10.0,92.0,93.0,94.0,Trueblood-Report-2019-05.pdf,(local) Trueblood-Report-2019-05.pdf,48ba75917cc4,13,Table 3a
WA,2018-09,TOTAL,evaluation,jail,297.0,311.0,11.5,11.0,85.0,88.0,88.0,Trueblood-Report-2019-10.pdf,(local) Trueblood-Report-2019-10.pdf,68a64fa8c402,14,Table 8
WA,2018-10,TOTAL,evaluation,jail,392.0,371.0,11.6,11.0,85.0,90.0,90.0,Trueblood-Report-2019-11.pdf,(local) Trueblood-Report-2019-11.pdf,6ba93df67949,14,Table 8
WA,2018-11,TOTAL,evaluation,jail,312.0,334.0,12.8,13.0,72.0,76.0,78.0,Trueblood-Report-2019-12.pdf,(local) Trueblood-Report-2019-12.pdf,ff3749aafc99,14,Table 8
WA,2018-12,TOTAL,evaluation,jail,282.0,309.0,11.6,11.0,84.0,89.0,90.0,Trueblood-Report-2020-01.pdf,(local) Trueblood-Report-2020-01.pdf,9eb8848df148,15,Table 8
WA,2019-01,TOTAL,evaluation,jail,358.0,317.0,11.1,12.0,81.0,84.0,85.0,Trueblood-Report-2020-02.pdf,(local) Trueblood-Report-2020-02.pdf,2a357dc93979,16,Table 8
WA,2019-02,TOTAL,evaluation,jail,294.0,287.0,12.9,12.0,75.0,80.0,82.0,Trueblood-Report-2020-02.pdf,(local) Trueblood-Report-2020-02.pdf,2a357dc93979,16,Table 8
WA,2019-03,TOTAL,evaluation,jail,381.0,358.0,12.6,12.5,79.0,83.0,85.0,Trueblood-Report-2020-02.pdf,(local) Trueblood-Report-2020-02.pdf,2a357dc93979,16,Table 8
WA,2019-04,TOTAL,evaluation,jail,391.0,424.0,12.0,12.0,80.0,83.0,84.0,Trueblood-Report-2020-02.pdf,(local) Trueblood-Report-2020-02.pdf,2a357dc93979,16,Table 8
WA,2019-05,TOTAL,evaluation,jail,411.0,398.0,12.4,13.0,79.0,84.0,85.0,Trueblood-Report-2020-06.pdf,(local) Trueblood-Report-2020-06.pdf,99295309355d,18,Table 8
WA,2019-06,TOTAL,evaluation,jail,401.0,375.0,13.0,13.0,73.0,79.0,82.0,Trueblood-Report-2020-07.pdf,(local) Trueblood-Report-2020-07.pdf,7f9e598ef9df,18,Table 8
WA,2019-07,TOTAL,evaluation,jail,468.0,465.0,13.0,13.0,69.0,74.0,76.0,Trueblood-Report-2020-07.pdf,(local) Trueblood-Report-2020-07.pdf,7f9e598ef9df,18,Table 8
WA,2019-08,TOTAL,evaluation,jail,451.0,446.0,11.6,12.0,78.0,83.0,88.0,Trueblood-Report-2020-07.pdf,(local) Trueblood-Report-2020-07.pdf,7f9e598ef9df,18,Table 8
WA,2019-09,TOTAL,evaluation,jail,379.0,403.0,12.0,12.0,82.0,86.0,88.0,Trueblood-Report-2020-10.pdf,(local) Trueblood-Report-2020-10.pdf,2bedf0f4cfff,21,Table 8
WA,2019-10,TOTAL,evaluation,jail,506.0,475.0,11.6,12.0,81.0,86.0,90.0,Trueblood-Report-2020-11.pdf,(local) Trueblood-Report-2020-11.pdf,595ab0efa441,21,Table 8
WA,2019-11,TOTAL,evaluation,jail,382.0,401.0,13.0,13.0,75.0,82.0,86.0,Trueblood-Report-2020-12.pdf,(local) Trueblood-Report-2020-12.pdf,197278ce3fbf,20,Table 8
WA,2019-12,TOTAL,evaluation,jail,405.0,426.0,12.8,13.0,66.0,73.0,75.0,Trueblood-Report-2021-01.pdf,(local) Trueblood-Report-2021-01.pdf,ee5f4e460f7b,20,Table 8
WA,2020-01,TOTAL,evaluation,jail,475.0,435.0,12.4,13.0,74.0,80.0,84.0,Trueblood-Report-2021-02.pdf,(local) Trueblood-Report-2021-02.pdf,b54a5a28745c,19,Table 8
WA,2020-02,TOTAL,evaluation,jail,425.0,439.0,12.0,13.0,79.0,82.0,84.0,Trueblood-Report-2021-03.pdf,(local) Trueblood-Report-2021-03.pdf,6b2aa713e0fb,19,Table 8
WA,2020-03,TOTAL,evaluation,jail,307.0,407.0,12.3,13.0,77.0,81.0,84.0,Trueblood-Report-2021-04.pdf,(local) Trueblood-Report-2021-04.pdf,4b588bfa8cf2,19,Table 8
WA,2020-04,TOTAL,evaluation,jail,204.0,184.0,13.3,13.0,66.0,72.0,73.0,Trueblood-Report-2021-05.pdf,(local) Trueblood-Report-2021-05.pdf,0cb3da8cda63,19,Table 8
WA,2020-05,TOTAL,evaluation,jail,241.0,231.0,13.8,13.0,68.0,73.0,74.0,Trueblood-Report-2021-06.pdf,(local) Trueblood-Report-2021-06.pdf,aecc13a6d1dc,19,Table 8
WA,2020-06,TOTAL,evaluation,jail,287.0,276.0,12.2,13.0,82.0,84.0,86.0,Trueblood-Report-2021-07.pdf,(local) Trueblood-Report-2021-07.pdf,5d748b19d1a9,19,Table 8
WA,2020-07,TOTAL,evaluation,jail,349.0,332.0,12.2,12.0,78.0,80.0,84.0,Trueblood-Report-2021-07.pdf,(local) Trueblood-Report-2021-07.pdf,5d748b19d1a9,19,Table 8
WA,2020-08,TOTAL,evaluation,jail,358.0,339.0,11.8,12.0,84.0,87.0,90.0,Trueblood-Report-2021-09.pdf,(local) Trueblood-Report-2021-09.pdf,19b1ac35a2cc,19,Table 8
WA,2020-09,TOTAL,evaluation,jail,388.0,378.0,11.9,12.0,80.0,82.0,85.0,Trueblood-Report-2021-10.pdf,(local) Trueblood-Report-2021-10.pdf,97de982233a3,19,Table 8
WA,2020-10,TOTAL,evaluation,jail,402.0,412.0,12.9,13.0,81.0,84.0,89.0,Trueblood-Report-2021-11.pdf,(local) Trueblood-Report-2021-11.pdf,a4ddd236f8ce,19,Table 8
WA,2020-11,TOTAL,evaluation,jail,314.0,319.0,12.1,13.0,78.0,81.0,85.0,Trueblood-Report-2021-12.pdf,(local) Trueblood-Report-2021-12.pdf,84321c2e419d,19,Table 8
WA,2020-12,TOTAL,evaluation,jail,292.0,329.0,13.2,13.0,71.0,81.0,83.0,Trueblood-Report-2022-01.pdf,(local) Trueblood-Report-2022-01.pdf,80a1c9a9027a,19,Table 8
WA,2021-01,TOTAL,evaluation,jail,347.0,321.0,12.9,13.0,74.0,78.0,81.0,Trueblood-Report-2022-02.pdf,(local) Trueblood-Report-2022-02.pdf,7e0983577785,21,Table 8
WA,2021-02,TOTAL,evaluation,jail,304.0,320.0,12.2,13.0,81.0,86.0,88.0,Trueblood-Report-2022-03.pdf,(local) Trueblood-Report-2022-03.pdf,758295511742,21,Table 8
WA,2021-03,TOTAL,evaluation,jail,428.0,391.0,11.2,12.0,86.0,90.0,94.0,Trueblood-Report-2022-03.pdf,(local) Trueblood-Report-2022-03.pdf,758295511742,21,Table 8
WA,2021-04,TOTAL,evaluation,jail,386.0,409.0,12.3,13.0,81.0,85.0,88.0,Trueblood-Report-2022-05.pdf,(local) Trueblood-Report-2022-05.pdf,6fa242a431c7,21,Table 8
WA,2021-05,TOTAL,evaluation,jail,381.0,352.0,11.9,13.0,86.0,89.0,91.0,Trueblood-Report-2022-06.pdf,(local) Trueblood-Report-2022-06.pdf,fac7ad731caf,21,Table 8
WA,2021-06,TOTAL,evaluation,jail,438.0,411.0,12.4,13.0,76.0,81.0,85.0,Trueblood-Report-2022-07.pdf,(local) Trueblood-Report-2022-07.pdf,1ed794b880ce,21,Table 8
WA,2021-07,TOTAL,evaluation,jail,479.0,478.0,13.0,13.0,74.0,77.0,82.0,Trueblood-Report-2022-08.pdf,(local) Trueblood-Report-2022-08.pdf,76874be56410,21,Table 8
WA,2021-08,TOTAL,evaluation,jail,545.0,485.0,13.4,13.0,73.0,77.0,84.0,Trueblood-Report-2022-09.pdf,(local) Trueblood-Report-2022-09.pdf,74671e617b2c,21,Table 8
WA,2021-09,TOTAL,evaluation,jail,491.0,498.0,14.8,14.0,62.0,67.0,77.0,Trueblood-Report-2022-10.pdf,(local) Trueblood-Report-2022-10.pdf,625cf77b4b24,21,Table 8
WA,2021-10,TOTAL,evaluation,jail,492.0,529.0,13.4,13.0,74.0,77.0,84.0,Trueblood-Report-2022-11.pdf,(local) Trueblood-Report-2022-11.pdf,e8b82f16473a,21,Table 8
WA,2021-11,TOTAL,evaluation,jail,500.0,475.0,12.6,13.0,83.0,86.0,89.0,Trueblood-Report-2022-11.pdf,(local) Trueblood-Report-2022-11.pdf,e8b82f16473a,21,Table 8
WA,2021-12,TOTAL,evaluation,jail,489.0,516.0,13.5,13.0,72.0,79.0,86.0,Trueblood-Report-2023-01.pdf,(local) Trueblood-Report-2023-01.pdf,3a0d5b251edc,21,Table 8
WA,2022-01,TOTAL,evaluation,jail,439.0,454.0,15.4,14.0,63.0,68.0,76.0,Trueblood-Report-2023-02.pdf,(local) Trueblood-Report-2023-02.pdf,7009c637f545,21,Table 8
WA,2022-02,TOTAL,evaluation,jail,473.0,437.0,14.4,13.0,72.0,74.0,78.0,Trueblood-Report-2023-02.pdf,(local) Trueblood-Report-2023-02.pdf,7009c637f545,21,Table 8
WA,2022-03,TOTAL,evaluation,jail,599.0,578.0,13.7,13.0,71.0,76.0,80.0,Trueblood-Report-2023-04.pdf,(local) Trueblood-Report-2023-04.pdf,1a09abe029a9,21,Table 8
WA,2022-04,TOTAL,evaluation,jail,594.0,531.0,13.6,13.0,72.0,78.0,84.0,Trueblood-Report-2023-05.pdf,(local) Trueblood-Report-2023-05.pdf,485d112f4341,21,Table 8
WA,2022-05,TOTAL,evaluation,jail,538.0,608.0,14.2,14.0,73.0,78.0,83.0,Trueblood-Report-2023-06.pdf,(local) Trueblood-Report-2023-06.pdf,69cb8ee59778,22,Table 8
WA,2022-06,TOTAL,evaluation,jail,561.0,538.0,14.7,14.0,68.0,74.0,82.0,Trueblood-Report-2023-07.pdf,(local) Trueblood-Report-2023-07.pdf,d9268a6683f3,22,Table 8
WA,2022-07,TOTAL,evaluation,jail,634.0,540.0,15.2,14.0,65.0,69.0,83.0,Trueblood-Report-2023-08.pdf,(local) Trueblood-Report-2023-08.pdf,db59247b803f,22,Table 8
WA,2022-08,TOTAL,evaluation,jail,642.0,688.0,15.4,14.0,59.0,65.0,76.0,Trueblood-Report-2023-09.pdf,(local) Trueblood-Report-2023-09.pdf,f8377cdfa1b9,22,Table 8
WA,2022-09,TOTAL,evaluation,jail,538.0,580.0,15.7,14.0,61.0,65.0,69.0,Trueblood-Report-2023-10.pdf,(local) Trueblood-Report-2023-10.pdf,f047e00db7ce,22,Table 8
WA,2022-10,TOTAL,evaluation,jail,535.0,532.0,16.2,14.0,65.0,68.0,70.0,Trueblood-Report-2023-11.pdf,(local) Trueblood-Report-2023-11.pdf,15755243894b,22,Table 8
WA,2022-11,TOTAL,evaluation,jail,456.0,493.0,15.5,14.0,67.0,71.0,73.0,Trueblood-Report-2023-12.pdf,(local) Trueblood-Report-2023-12.pdf,5bbaa732398b,22,Table 8
WA,2022-12,TOTAL,evaluation,jail,480.0,508.0,13.7,14.0,72.0,74.0,78.0,Trueblood-Report-2024-01.pdf,(local) Trueblood-Report-2024-01.pdf,8133c8ee7330,22,Table 8
WA,2023-01,TOTAL,evaluation,jail,583.0,516.0,14.4,14.0,68.0,75.0,78.0,Trueblood-Report-2024-02.pdf,(local) Trueblood-Report-2024-02.pdf,fd865b0cb050,22,Table 8
WA,2023-02,TOTAL,evaluation,jail,462.0,507.0,14.1,14.0,74.0,83.0,86.0,Trueblood-Report-2024-03.pdf,(local) Trueblood-Report-2024-03.pdf,549e58928e44,22,Table 8
WA,2023-03,TOTAL,evaluation,jail,607.0,562.0,13.7,14.0,78.0,84.0,85.0,Trueblood-Report-2024-04.pdf,(local) Trueblood-Report-2024-04.pdf,5636183a032d,22,Table 8
WA,2023-04,TOTAL,evaluation,jail,515.0,551.0,14.0,13.0,75.0,81.0,82.0,Trueblood-Report-2024-05.pdf,(local) Trueblood-Report-2024-05.pdf,ca3168328dcc,22,Table 8
WA,2023-05,TOTAL,evaluation,jail,583.0,590.0,12.8,13.0,82.0,87.0,87.0,Trueblood-Report-2024-05.pdf,(local) Trueblood-Report-2024-05.pdf,ca3168328dcc,22,Table 8
WA,2023-06,TOTAL,evaluation,jail,534.0,537.0,13.4,13.0,76.0,81.0,83.0,Trueblood-Report-2024-05.pdf,(local) Trueblood-Report-2024-05.pdf,ca3168328dcc,22,Table 8
WA,2023-07,TOTAL,evaluation,jail,547.0,510.0,14.0,13.0,77.0,82.0,83.0,Trueblood-Report-2024-08.pdf,(local) Trueblood-Report-2024-08.pdf,14009159338a,22,Table 8
WA,2023-08,TOTAL,evaluation,jail,568.0,591.0,13.8,14.0,76.0,81.0,82.0,Trueblood-Report-2024-09.pdf,(local) Trueblood-Report-2024-09.pdf,3bfc640f8b9d,22,Table 8
WA,2023-09,TOTAL,evaluation,jail,462.0,465.0,14.0,14.0,74.0,79.0,81.0,Trueblood-Report-2024-10.pdf,(local) Trueblood-Report-2024-10.pdf,46d3b90ae09f,23,Table 8
WA,2023-10,TOTAL,evaluation,jail,494.0,515.0,14.3,14.0,73.0,78.0,79.0,Trueblood-Report-2024-11.pdf,(local) Trueblood-Report-2024-11.pdf,53aaf66ede40,23,Table 9
WA,2023-11,TOTAL,evaluation,jail,482.0,472.0,14.4,14.0,70.0,77.0,78.0,Trueblood-Report-2024-12.pdf,(local) Trueblood-Report-2024-12.pdf,faf2ed19cc54,31,Table 9
WA,2023-12,TOTAL,evaluation,jail,494.0,481.0,14.1,14.0,69.0,76.0,77.0,Trueblood-Report-2025-01.pdf,(local) Trueblood-Report-2025-01.pdf,901f55094ef0,31,Table 9
WA,2024-01,TOTAL,evaluation,jail,515.0,525.0,15.5,14.0,62.0,68.0,70.0,Trueblood-Report-2025-02.pdf,(local) Trueblood-Report-2025-02.pdf,265ae906e2cb,31,Table 9
WA,2024-02,TOTAL,evaluation,jail,468.0,504.0,14.2,14.0,70.0,76.0,76.0,Trueblood-Report-2025-03.pdf,(local) Trueblood-Report-2025-03.pdf,07ce04aa2201,31,Table 9
WA,2024-03,TOTAL,evaluation,jail,496.0,476.0,13.3,14.0,74.0,79.0,80.0,Trueblood-Report-2025-04.pdf,(local) Trueblood-Report-2025-04.pdf,ccf190df18c8,31,Table 9
WA,2024-04,TOTAL,evaluation,jail,562.0,543.0,12.4,13.0,81.0,87.0,88.0,Trueblood-Report-2025-05.pdf,(local) Trueblood-Report-2025-05.pdf,3476aedc530f,31,Table 9
WA,2024-05,TOTAL,evaluation,jail,564.0,574.0,12.6,13.0,78.0,84.0,85.0,Trueblood-Report-2025-06.pdf,(local) Trueblood-Report-2025-06.pdf,eb0f8715a502,31,Table 9
WA,2024-06,TOTAL,evaluation,jail,544.0,524.0,12.7,14.0,77.0,84.0,85.0,Trueblood-Report-2025-07.pdf,(local) Trueblood-Report-2025-07.pdf,3593428da632,31,Table 9
WA,2024-07,TOTAL,evaluation,jail,626.0,631.0,12.6,14.0,78.0,85.0,87.0,Trueblood-Report-2025-08.pdf,(local) Trueblood-Report-2025-08.pdf,4e61c15429a2,32,Table 9
WA,2024-08,TOTAL,evaluation,jail,605.0,600.0,12.0,13.0,82.0,89.0,91.0,Trueblood-Report-2025-09.pdf,(local) Trueblood-Report-2025-09.pdf,b967b422d8e7,33,Table 9
WA,2024-09,TOTAL,evaluation,jail,547.0,555.0,12.6,13.0,82.0,88.0,89.0,Trueblood-Report-2025-10.pdf,(local) Trueblood-Report-2025-10.pdf,576a95fe6dda,33,Table 9
WA,2024-10,TOTAL,evaluation,jail,626.0,631.0,12.4,13.0,82.0,88.0,88.0,Trueblood-Report-2025-11.pdf,(local) Trueblood-Report-2025-11.pdf,c4932d189f27,33,Table 9
WA,2024-11,TOTAL,evaluation,jail,432.0,477.0,12.1,13.0,84.0,88.0,90.0,Trueblood-Report-2025-12.pdf,(local) Trueblood-Report-2025-12.pdf,c2cca9e44936,33,Table 9
WA,2024-12,TOTAL,evaluation,jail,538.0,526.0,11.9,13.0,85.0,90.0,90.0,Trueblood-Report-2025-12.pdf,(local) Trueblood-Report-2025-12.pdf,c2cca9e44936,33,Table 9
WA,2025-01,TOTAL,evaluation,jail,553.0,536.0,12.2,13.0,80.0,84.0,84.0,Trueblood-Report-2026-02.pdf,(local) Trueblood-Report-2026-02.pdf,62cb0b228080,33,Table 9
WA,2025-02,TOTAL,evaluation,jail,527.0,523.0,11.5,13.0,87.0,91.0,92.0,Trueblood-Report-2026-03.pdf,(local) Trueblood-Report-2026-03.pdf,f84492e7b4b1,34,Table 9
WA,2025-03,TOTAL,evaluation,jail,646.0,625.0,11.1,12.0,87.0,93.0,93.0,Trueblood-Report-2026-04.pdf,(local) Trueblood-Report-2026-04.pdf,bb022575e7bf,34,Table 9
WA,2025-04,TOTAL,evaluation,jail,565.0,605.0,11.4,13.0,87.0,92.0,94.0,Trueblood-Report-2026-05.pdf,(local) Trueblood-Report-2026-05.pdf,8494818a4829,33,Table 9
WA,2025-05,TOTAL,evaluation,jail,550.0,531.0,11.7,12.0,86.0,90.0,92.0,Trueblood-Report-2026-06.pdf,(local) Trueblood-Report-2026-06.pdf,1f7fce53996c,33,Table 9
WA,2025-06,TOTAL,evaluation,jail,572.0,568.0,11.7,13.0,88.0,93.0,95.0,Trueblood-Report-2026-06.pdf,(local) Trueblood-Report-2026-06.pdf,1f7fce53996c,33,Table 9
WA,2025-07,TOTAL,evaluation,jail,658.0,646.0,11.7,13.0,84.0,91.0,91.0,Trueblood-Report-2026-06.pdf,(local) Trueblood-Report-2026-06.pdf,1f7fce53996c,33,Table 9
WA,2025-08,TOTAL,evaluation,jail,588.0,587.0,11.9,13.0,87.0,93.0,94.0,Trueblood-Report-2026-06.pdf,(local) Trueblood-Report-2026-06.pdf,1f7fce53996c,33,Table 9
WA,2025-09,TOTAL,evaluation,jail,600.0,593.0,12.1,13.0,84.0,90.0,91.0,Trueblood-Report-2026-06.pdf,(local) Trueblood-Report-2026-06.pdf,1f7fce53996c,33,Table 9
WA,2025-10,TOTAL,evaluation,jail,600.0,615.0,11.8,13.0,84.0,91.0,92.0,Trueblood-Report-2026-06.pdf,(local) Trueblood-Report-2026-06.pdf,1f7fce53996c,33,Table 9
WA,2025-11,TOTAL,evaluation,jail,480.0,508.0,11.9,13.0,90.0,94.0,94.0,Trueblood-Report-2026-06.pdf,(local) Trueblood-Report-2026-06.pdf,1f7fce53996c,33,Table 9
WA,2025-12,TOTAL,evaluation,jail,583.0,585.0,12.2,13.0,86.0,89.0,90.0,Trueblood-Report-2026-06.pdf,(local) Trueblood-Report-2026-06.pdf,1f7fce53996c,33,Table 9
WA,2026-01,TOTAL,evaluation,jail,565.0,546.0,12.2,14.0,79.0,88.0,89.0,Trueblood-Report-2026-06.pdf,(local) Trueblood-Report-2026-06.pdf,1f7fce53996c,33,Table 9
WA,2026-02,TOTAL,evaluation,jail,504.0,526.0,11.9,13.0,86.0,93.0,94.0,Trueblood-Report-2026-06.pdf,(local) Trueblood-Report-2026-06.pdf,1f7fce53996c,33,Table 9
WA,2026-03,TOTAL,evaluation,jail,572.0,580.0,11.6,13.0,88.0,95.0,96.0,Trueblood-Report-2026-06.pdf,(local) Trueblood-Report-2026-06.pdf,1f7fce53996c,33,Table 9
WA,2026-04,TOTAL,evaluation,jail,566.0,549.0,11.4,13.0,89.0,95.0,96.0,Trueblood-Report-2026-06.pdf,(local) Trueblood-Report-2026-06.pdf,1f7fce53996c,33,Table 9
WA,2026-05,TOTAL,evaluation,jail,573.0,532.0,11.7,12.0,90.0,94.0,94.0,Trueblood-Report-2026-06.pdf,(local) Trueblood-Report-2026-06.pdf,1f7fce53996c,33,Table 9
WA,2018-02,TOTAL,restoration,inpatient,115.0,,41.2,25.0,9.0,9.0,9.0,Trueblood-Report-2019-03.pdf,(local) Trueblood-Report-2019-03.pdf,59180600b458,15,Table 3c
WA,2018-03,TOTAL,restoration,inpatient,115.0,,41.8,23.5,9.0,10.0,10.0,Trueblood-Report-2019-03.pdf,(local) Trueblood-Report-2019-03.pdf,59180600b458,15,Table 3c
WA,2018-04,TOTAL,restoration,inpatient,138.0,116.0,42.0,27.0,8.0,9.0,9.0,Trueblood-Report-2019-05.pdf,(local) Trueblood-Report-2019-05.pdf,48ba75917cc4,15,Table 3c
WA,2018-05,TOTAL,restoration,inpatient,116.0,120.0,35.6,22.0,9.0,9.0,9.0,Trueblood-Report-2019-06.pdf,(local) Trueblood-Report-2019-06.pdf,df2a0b64b835,15,Table 3c
WA,2018-06,TOTAL,restoration,inpatient,112.0,123.0,41.0,28.5,7.0,7.0,7.0,Trueblood-Report-2019-07.pdf,(local) Trueblood-Report-2019-07.pdf,a2b6ac7e38ef,15,Table 3c
WA,2018-07,TOTAL,restoration,inpatient,118.0,110.0,39.9,28.0,10.0,10.0,10.0,Trueblood-Report-2019-08.pdf,(local) Trueblood-Report-2019-08.pdf,c3e0e3ae6c94,16,Table 3c
WA,2018-08,TOTAL,restoration,inpatient,124.0,108.0,42.3,30.5,18.0,17.0,18.0,Trueblood-Report-2019-08.pdf,(local) Trueblood-Report-2019-08.pdf,c3e0e3ae6c94,16,Table 3c
WA,2018-09,TOTAL,restoration,inpatient,95.0,100.0,50.7,37.0,13.0,12.0,13.0,Trueblood-Report-2019-10.pdf,(local) Trueblood-Report-2019-10.pdf,68a64fa8c402,16,Table 10
WA,2018-10,TOTAL,restoration,inpatient,143.0,131.0,45.5,32.0,15.0,15.0,15.0,Trueblood-Report-2019-11.pdf,(local) Trueblood-Report-2019-11.pdf,6ba93df67949,16,Table 10
WA,2018-11,TOTAL,restoration,inpatient,108.0,118.0,44.1,27.5,0.0,17.0,17.0,Trueblood-Report-2019-12.pdf,(local) Trueblood-Report-2019-12.pdf,ff3749aafc99,16,Table 10
WA,2018-12,TOTAL,restoration,inpatient,124.0,118.0,43.6,28.5,29.0,31.0,32.0,Trueblood-Report-2020-01.pdf,(local) Trueblood-Report-2020-01.pdf,9eb8848df148,17,Table 10
WA,2019-01,TOTAL,restoration,inpatient,132.0,135.0,48.9,40.0,24.0,24.0,25.0,Trueblood-Report-2020-02.pdf,(local) Trueblood-Report-2020-02.pdf,2a357dc93979,18,Table 10
WA,2019-02,TOTAL,restoration,inpatient,139.0,130.0,44.5,37.5,23.0,25.0,25.0,Trueblood-Report-2020-02.pdf,(local) Trueblood-Report-2020-02.pdf,2a357dc93979,18,Table 10
WA,2019-03,TOTAL,restoration,inpatient,143.0,166.0,36.5,30.5,20.0,21.0,22.0,Trueblood-Report-2020-02.pdf,(local) Trueblood-Report-2020-02.pdf,2a357dc93979,18,Table 10
WA,2019-04,TOTAL,restoration,inpatient,161.0,124.0,33.9,35.0,29.0,28.0,31.0,Trueblood-Report-2020-02.pdf,(local) Trueblood-Report-2020-02.pdf,2a357dc93979,18,Table 10
WA,2019-05,TOTAL,restoration,inpatient,140.0,140.0,39.5,42.0,19.0,19.0,20.0,Trueblood-Report-2020-06.pdf,(local) Trueblood-Report-2020-06.pdf,99295309355d,20,Table 10
WA,2019-06,TOTAL,restoration,inpatient,139.0,159.0,43.8,49.0,18.0,19.0,20.0,Trueblood-Report-2020-07.pdf,(local) Trueblood-Report-2020-07.pdf,7f9e598ef9df,20,Table 10
WA,2019-07,TOTAL,restoration,inpatient,121.0,142.0,37.7,42.0,23.0,23.0,25.0,Trueblood-Report-2020-07.pdf,(local) Trueblood-Report-2020-07.pdf,7f9e598ef9df,20,Table 10
WA,2019-08,TOTAL,restoration,inpatient,143.0,126.0,39.5,45.0,26.0,27.0,28.0,Trueblood-Report-2020-07.pdf,(local) Trueblood-Report-2020-07.pdf,7f9e598ef9df,20,Table 10
WA,2019-09,TOTAL,restoration,inpatient,117.0,134.0,42.7,45.0,22.0,23.0,23.0,Trueblood-Report-2020-10.pdf,(local) Trueblood-Report-2020-10.pdf,2bedf0f4cfff,23,Table 10
WA,2019-10,TOTAL,restoration,inpatient,171.0,175.0,34.6,41.0,26.0,28.0,29.0,Trueblood-Report-2020-11.pdf,(local) Trueblood-Report-2020-11.pdf,595ab0efa441,23,Table 10
WA,2019-11,TOTAL,restoration,inpatient,137.0,127.0,29.5,30.0,26.0,27.0,28.0,Trueblood-Report-2020-12.pdf,(local) Trueblood-Report-2020-12.pdf,197278ce3fbf,22,Table 10
WA,2019-12,TOTAL,restoration,inpatient,153.0,143.0,30.4,34.0,28.0,29.0,30.0,Trueblood-Report-2021-01.pdf,(local) Trueblood-Report-2021-01.pdf,ee5f4e460f7b,22,Table 10
WA,2020-01,TOTAL,restoration,inpatient,127.0,136.0,40.1,41.0,9.0,10.0,10.0,Trueblood-Report-2021-01.pdf,(local) Trueblood-Report-2021-01.pdf,ee5f4e460f7b,22,Table 10
WA,2020-02,TOTAL,restoration,inpatient,101.0,110.0,40.3,37.0,10.0,11.0,11.0,Trueblood-Report-2021-03.pdf,(local) Trueblood-Report-2021-03.pdf,6b2aa713e0fb,21,Table 10
WA,2020-03,TOTAL,restoration,inpatient,102.0,111.0,32.8,28.0,8.0,9.0,10.0,Trueblood-Report-2021-04.pdf,(local) Trueblood-Report-2021-04.pdf,4b588bfa8cf2,21,Table 10
WA,2020-04,TOTAL,restoration,inpatient,81.0,76.0,43.6,39.0,11.0,12.0,12.0,Trueblood-Report-2021-05.pdf,(local) Trueblood-Report-2021-05.pdf,0cb3da8cda63,21,Table 10
WA,2020-05,TOTAL,restoration,inpatient,58.0,64.0,56.5,43.0,0.0,0.0,0.0,Trueblood-Report-2021-06.pdf,(local) Trueblood-Report-2021-06.pdf,aecc13a6d1dc,21,Table 10
WA,2020-06,TOTAL,restoration,inpatient,72.0,75.0,70.4,69.0,4.0,4.0,4.0,Trueblood-Report-2021-07.pdf,(local) Trueblood-Report-2021-07.pdf,5d748b19d1a9,21,Table 10
WA,2020-07,TOTAL,restoration,inpatient,105.0,82.0,39.0,32.0,5.0,5.0,11.0,Trueblood-Report-2021-08.pdf,(local) Trueblood-Report-2021-08.pdf,8c4284e1d388,21,Table 10
WA,2020-08,TOTAL,restoration,inpatient,115.0,111.0,61.5,38.0,6.0,6.0,6.0,Trueblood-Report-2021-09.pdf,(local) Trueblood-Report-2021-09.pdf,19b1ac35a2cc,21,Table 10
WA,2020-09,TOTAL,restoration,inpatient,125.0,128.0,46.9,36.5,7.0,7.0,8.0,Trueblood-Report-2021-10.pdf,(local) Trueblood-Report-2021-10.pdf,97de982233a3,21,Table 10
WA,2020-10,TOTAL,restoration,inpatient,164.0,111.0,38.7,31.0,12.0,12.0,13.0,Trueblood-Report-2021-11.pdf,(local) Trueblood-Report-2021-11.pdf,a4ddd236f8ce,21,Table 10
WA,2020-11,TOTAL,restoration,inpatient,111.0,118.0,39.0,29.0,14.0,12.0,14.0,Trueblood-Report-2021-12.pdf,(local) Trueblood-Report-2021-12.pdf,84321c2e419d,21,Table 10
WA,2020-12,TOTAL,restoration,inpatient,117.0,132.0,46.8,43.0,9.0,10.0,10.0,Trueblood-Report-2022-01.pdf,(local) Trueblood-Report-2022-01.pdf,80a1c9a9027a,21,Table 10
WA,2021-01,TOTAL,restoration,inpatient,108.0,110.0,55.8,54.0,8.0,8.0,9.0,Trueblood-Report-2022-02.pdf,(local) Trueblood-Report-2022-02.pdf,7e0983577785,23,Table 10
WA,2021-02,TOTAL,restoration,inpatient,131.0,126.0,49.1,37.0,14.0,14.0,14.0,Trueblood-Report-2022-03.pdf,(local) Trueblood-Report-2022-03.pdf,758295511742,23,Table 10
WA,2021-03,TOTAL,restoration,inpatient,121.0,176.0,48.9,43.0,9.0,10.0,10.0,Trueblood-Report-2022-04.pdf,(local) Trueblood-Report-2022-04.pdf,86a0c06b80b5,23,Table 10
WA,2021-04,TOTAL,restoration,inpatient,135.0,156.0,34.8,38.0,12.0,13.0,13.0,Trueblood-Report-2022-05.pdf,(local) Trueblood-Report-2022-05.pdf,6fa242a431c7,23,Table 10
WA,2021-05,TOTAL,restoration,inpatient,115.0,111.0,27.5,28.0,14.0,14.0,16.0,Trueblood-Report-2022-06.pdf,(local) Trueblood-Report-2022-06.pdf,fac7ad731caf,23,Table 10
WA,2021-06,TOTAL,restoration,inpatient,109.0,124.0,34.0,33.5,2.0,5.0,6.0,Trueblood-Report-2022-07.pdf,(local) Trueblood-Report-2022-07.pdf,1ed794b880ce,23,Table 10
WA,2021-07,TOTAL,restoration,inpatient,152.0,106.0,36.1,37.5,6.0,6.0,6.0,Trueblood-Report-2022-08.pdf,(local) Trueblood-Report-2022-08.pdf,76874be56410,23,Table 10
WA,2021-08,TOTAL,restoration,inpatient,155.0,107.0,33.3,30.0,7.0,7.0,8.0,Trueblood-Report-2022-09.pdf,(local) Trueblood-Report-2022-09.pdf,74671e617b2c,23,Table 10
WA,2021-09,TOTAL,restoration,inpatient,184.0,98.0,38.9,42.0,12.0,13.0,14.0,Trueblood-Report-2022-10.pdf,(local) Trueblood-Report-2022-10.pdf,625cf77b4b24,23,Table 10
WA,2021-10,TOTAL,restoration,inpatient,186.0,182.0,48.3,56.0,5.0,6.0,7.0,Trueblood-Report-2022-11.pdf,(local) Trueblood-Report-2022-11.pdf,e8b82f16473a,23,Table 10
WA,2021-11,TOTAL,restoration,inpatient,169.0,167.0,49.0,55.0,10.0,11.0,11.0,Trueblood-Report-2022-11.pdf,(local) Trueblood-Report-2022-11.pdf,e8b82f16473a,23,Table 10
WA,2021-12,TOTAL,restoration,inpatient,190.0,207.0,50.9,61.0,7.0,7.0,8.0,Trueblood-Report-2023-01.pdf,(local) Trueblood-Report-2023-01.pdf,3a0d5b251edc,23,Table 10
WA,2022-01,TOTAL,restoration,inpatient,170.0,119.0,48.2,50.0,5.0,8.0,9.0,Trueblood-Report-2023-02.pdf,(local) Trueblood-Report-2023-02.pdf,7009c637f545,23,Table 10
WA,2022-02,TOTAL,restoration,inpatient,187.0,159.0,55.4,64.0,6.0,6.0,7.0,Trueblood-Report-2023-02.pdf,(local) Trueblood-Report-2023-02.pdf,7009c637f545,23,Table 10
WA,2022-03,TOTAL,restoration,inpatient,171.0,199.0,61.1,68.0,6.0,6.0,7.0,Trueblood-Report-2023-04.pdf,(local) Trueblood-Report-2023-04.pdf,1a09abe029a9,23,Table 10
WA,2022-04,TOTAL,restoration,inpatient,196.0,131.0,57.9,57.0,3.0,2.0,3.0,Trueblood-Report-2023-05.pdf,(local) Trueblood-Report-2023-05.pdf,485d112f4341,23,Table 10
WA,2022-05,TOTAL,restoration,inpatient,185.0,112.0,53.9,50.5,7.0,8.0,8.0,Trueblood-Report-2023-06.pdf,(local) Trueblood-Report-2023-06.pdf,69cb8ee59778,24,Table 10
WA,2022-06,TOTAL,restoration,inpatient,181.0,131.0,65.1,69.0,11.0,11.0,11.0,Trueblood-Report-2023-07.pdf,(local) Trueblood-Report-2023-07.pdf,d9268a6683f3,24,Table 10
WA,2022-07,TOTAL,restoration,inpatient,145.0,157.0,77.1,75.0,3.0,3.0,3.0,Trueblood-Report-2023-08.pdf,(local) Trueblood-Report-2023-08.pdf,db59247b803f,24,Table 10
WA,2022-08,TOTAL,restoration,inpatient,205.0,141.0,69.1,63.0,6.0,7.0,8.0,Trueblood-Report-2023-09.pdf,(local) Trueblood-Report-2023-09.pdf,f8377cdfa1b9,24,Table 10
WA,2022-09,TOTAL,restoration,inpatient,166.0,134.0,72.0,55.5,5.0,7.0,7.0,Trueblood-Report-2023-10.pdf,(local) Trueblood-Report-2023-10.pdf,f047e00db7ce,24,Table 10
WA,2022-10,TOTAL,restoration,inpatient,140.0,173.0,81.2,61.0,4.0,4.0,5.0,Trueblood-Report-2023-11.pdf,(local) Trueblood-Report-2023-11.pdf,15755243894b,24,Table 10
WA,2022-11,TOTAL,restoration,inpatient,130.0,127.0,94.4,78.0,5.0,5.0,6.0,Trueblood-Report-2023-12.pdf,(local) Trueblood-Report-2023-12.pdf,5bbaa732398b,24,Table 10
WA,2022-12,TOTAL,restoration,inpatient,159.0,164.0,94.8,86.0,1.0,2.0,5.0,Trueblood-Report-2024-01.pdf,(local) Trueblood-Report-2024-01.pdf,8133c8ee7330,24,Table 10
WA,2023-01,TOTAL,restoration,inpatient,120.0,133.0,103.4,73.0,3.0,3.0,4.0,Trueblood-Report-2024-02.pdf,(local) Trueblood-Report-2024-02.pdf,fd865b0cb050,24,Table 10
WA,2023-02,TOTAL,restoration,inpatient,138.0,174.0,126.4,87.0,5.0,6.0,9.0,Trueblood-Report-2024-03.pdf,(local) Trueblood-Report-2024-03.pdf,549e58928e44,24,Table 10
WA,2023-03,TOTAL,restoration,inpatient,162.0,195.0,114.4,97.0,6.0,6.0,6.0,Trueblood-Report-2024-04.pdf,(local) Trueblood-Report-2024-04.pdf,5636183a032d,24,Table 10
WA,2023-04,TOTAL,restoration,inpatient,137.0,168.0,126.9,90.0,5.0,5.0,6.0,Trueblood-Report-2024-05.pdf,(local) Trueblood-Report-2024-05.pdf,ca3168328dcc,24,Table 10
WA,2023-05,TOTAL,restoration,inpatient,144.0,275.0,120.6,82.0,6.0,6.0,7.0,Trueblood-Report-2024-05.pdf,(local) Trueblood-Report-2024-05.pdf,ca3168328dcc,24,Table 10
WA,2023-06,TOTAL,restoration,inpatient,150.0,174.0,77.5,69.5,6.0,6.0,7.0,Trueblood-Report-2024-05.pdf,(local) Trueblood-Report-2024-05.pdf,ca3168328dcc,24,Table 10
WA,2023-07,TOTAL,restoration,inpatient,144.0,165.0,71.4,57.0,5.0,6.0,10.0,Trueblood-Report-2024-08.pdf,(local) Trueblood-Report-2024-08.pdf,14009159338a,24,Table 10
WA,2023-08,TOTAL,restoration,inpatient,185.0,221.0,58.7,56.0,5.0,6.0,7.0,Trueblood-Report-2024-09.pdf,(local) Trueblood-Report-2024-09.pdf,3bfc640f8b9d,24,Table 10
WA,2023-09,TOTAL,restoration,inpatient,142.0,179.0,47.6,54.0,7.0,7.0,8.0,Trueblood-Report-2024-10.pdf,(local) Trueblood-Report-2024-10.pdf,46d3b90ae09f,25,Table 10
WA,2023-10,TOTAL,restoration,inpatient,143.0,208.0,37.5,34.0,6.0,6.0,6.0,Trueblood-Report-2024-11.pdf,(local) Trueblood-Report-2024-11.pdf,53aaf66ede40,25,Table 11
WA,2023-11,TOTAL,restoration,inpatient,150.0,152.0,30.0,31.0,7.0,7.0,9.0,Trueblood-Report-2024-12.pdf,(local) Trueblood-Report-2024-12.pdf,faf2ed19cc54,35,Table 11
WA,2023-12,TOTAL,restoration,inpatient,155.0,136.0,27.1,29.0,4.0,8.0,10.0,Trueblood-Report-2025-01.pdf,(local) Trueblood-Report-2025-01.pdf,901f55094ef0,35,Table 11
WA,2024-01,TOTAL,restoration,inpatient,135.0,215.0,25.2,22.0,13.0,14.0,14.0,Trueblood-Report-2025-02.pdf,(local) Trueblood-Report-2025-02.pdf,265ae906e2cb,35,Table 11
WA,2024-02,TOTAL,restoration,inpatient,172.0,178.0,15.8,12.0,25.0,28.0,28.0,Trueblood-Report-2025-03.pdf,(local) Trueblood-Report-2025-03.pdf,07ce04aa2201,35,Table 11
WA,2024-03,TOTAL,restoration,inpatient,126.0,161.0,10.6,10.0,30.0,36.0,37.0,Trueblood-Report-2025-04.pdf,(local) Trueblood-Report-2025-04.pdf,ccf190df18c8,35,Table 11
WA,2024-04,TOTAL,restoration,inpatient,166.0,164.0,5.5,6.0,87.0,91.0,96.0,Trueblood-Report-2025-05.pdf,(local) Trueblood-Report-2025-05.pdf,3476aedc530f,35,Table 11
WA,2024-05,TOTAL,restoration,inpatient,203.0,190.0,5.5,6.0,86.0,89.0,93.0,Trueblood-Report-2025-06.pdf,(local) Trueblood-Report-2025-06.pdf,eb0f8715a502,35,Table 11
WA,2024-06,TOTAL,restoration,inpatient,130.0,141.0,6.6,6.0,76.0,79.0,87.0,Trueblood-Report-2025-07.pdf,(local) Trueblood-Report-2025-07.pdf,3593428da632,35,Table 11
WA,2024-07,TOTAL,restoration,inpatient,199.0,188.0,5.5,6.0,89.0,93.0,95.0,Trueblood-Report-2025-08.pdf,(local) Trueblood-Report-2025-08.pdf,4e61c15429a2,36,Table 11
WA,2024-08,TOTAL,restoration,inpatient,201.0,211.0,6.0,6.0,89.0,96.0,98.0,Trueblood-Report-2025-09.pdf,(local) Trueblood-Report-2025-09.pdf,b967b422d8e7,37,Table 11
WA,2024-09,TOTAL,restoration,inpatient,165.0,155.0,6.3,6.0,91.0,95.0,97.0,Trueblood-Report-2025-10.pdf,(local) Trueblood-Report-2025-10.pdf,576a95fe6dda,37,Table 11
WA,2024-10,TOTAL,restoration,inpatient,166.0,173.0,6.0,6.0,91.0,94.0,95.0,Trueblood-Report-2025-11.pdf,(local) Trueblood-Report-2025-11.pdf,c4932d189f27,37,Table 11
WA,2024-11,TOTAL,restoration,inpatient,139.0,154.0,6.8,6.0,77.0,90.0,90.0,Trueblood-Report-2025-12.pdf,(local) Trueblood-Report-2025-12.pdf,c2cca9e44936,37,Table 11
WA,2024-12,TOTAL,restoration,inpatient,177.0,175.0,6.3,6.0,86.0,91.0,94.0,Trueblood-Report-2025-12.pdf,(local) Trueblood-Report-2025-12.pdf,c2cca9e44936,37,Table 11
WA,2025-01,TOTAL,restoration,inpatient,197.0,187.0,6.3,6.0,88.0,93.0,95.0,Trueblood-Report-2026-02.pdf,(local) Trueblood-Report-2026-02.pdf,62cb0b228080,37,Table 11
WA,2025-02,TOTAL,restoration,inpatient,144.0,143.0,5.9,6.0,88.0,92.0,97.0,Trueblood-Report-2026-03.pdf,(local) Trueblood-Report-2026-03.pdf,f84492e7b4b1,38,Table 11
WA,2025-03,TOTAL,restoration,inpatient,187.0,192.0,5.4,5.0,95.0,97.0,98.0,Trueblood-Report-2026-04.pdf,(local) Trueblood-Report-2026-04.pdf,bb022575e7bf,38,Table 11
WA,2025-04,TOTAL,restoration,inpatient,190.0,197.0,4.3,5.0,97.0,97.0,100.0,Trueblood-Report-2026-05.pdf,(local) Trueblood-Report-2026-05.pdf,8494818a4829,37,Table 11
WA,2025-05,TOTAL,restoration,inpatient,178.0,177.0,4.9,5.0,93.0,94.0,97.0,Trueblood-Report-2026-06.pdf,(local) Trueblood-Report-2026-06.pdf,1f7fce53996c,37,Table 11
WA,2025-06,TOTAL,restoration,inpatient,175.0,172.0,4.8,5.0,90.0,94.0,99.0,Trueblood-Report-2026-06.pdf,(local) Trueblood-Report-2026-06.pdf,1f7fce53996c,37,Table 11
WA,2025-07,TOTAL,restoration,inpatient,213.0,196.0,4.8,5.0,92.0,94.0,97.0,Trueblood-Report-2026-06.pdf,(local) Trueblood-Report-2026-06.pdf,1f7fce53996c,37,Table 11
WA,2025-08,TOTAL,restoration,inpatient,162.0,182.0,5.4,5.0,93.0,95.0,98.0,Trueblood-Report-2026-06.pdf,(local) Trueblood-Report-2026-06.pdf,1f7fce53996c,37,Table 11
WA,2025-09,TOTAL,restoration,inpatient,185.0,177.0,4.6,5.0,94.0,95.0,100.0,Trueblood-Report-2026-06.pdf,(local) Trueblood-Report-2026-06.pdf,1f7fce53996c,37,Table 11
WA,2025-10,TOTAL,restoration,inpatient,187.0,187.0,4.4,4.0,97.0,98.0,99.0,Trueblood-Report-2026-06.pdf,(local) Trueblood-Report-2026-06.pdf,1f7fce53996c,37,Table 11
WA,2025-11,TOTAL,restoration,inpatient,157.0,158.0,5.2,5.5,98.0,99.0,100.0,Trueblood-Report-2026-06.pdf,(local) Trueblood-Report-2026-06.pdf,1f7fce53996c,37,Table 11
WA,2025-12,TOTAL,restoration,inpatient,181.0,174.0,5.1,5.0,91.0,95.0,98.0,Trueblood-Report-2026-06.pdf,(local) Trueblood-Report-2026-06.pdf,1f7fce53996c,37,Table 11
WA,2026-01,TOTAL,restoration,inpatient,157.0,160.0,5.5,5.0,90.0,94.0,96.0,Trueblood-Report-2026-06.pdf,(local) Trueblood-Report-2026-06.pdf,1f7fce53996c,37,Table 11
WA,2026-02,TOTAL,restoration,inpatient,160.0,165.0,5.5,5.0,93.0,94.0,97.0,Trueblood-Report-2026-06.pdf,(local) Trueblood-Report-2026-06.pdf,1f7fce53996c,37,Table 11
WA,2026-03,TOTAL,restoration,inpatient,180.0,181.0,5.0,5.0,91.0,93.0,98.0,Trueblood-Report-2026-06.pdf,(local) Trueblood-Report-2026-06.pdf,1f7fce53996c,37,Table 11
WA,2026-04,TOTAL,restoration,inpatient,154.0,155.0,4.3,4.0,93.0,95.0,98.0,Trueblood-Report-2026-06.pdf,(local) Trueblood-Report-2026-06.pdf,1f7fce53996c,37,Table 11
WA,2026-05,TOTAL,restoration,inpatient,147.0,144.0,4.7,5.0,95.0,99.0,100.0,Trueblood-Report-2026-06.pdf,(local) Trueblood-Report-2026-06.pdf,1f7fce53996c,37,Table 11
WA,2018-01,WSH,evaluation,inpatient,16.0,,48.4,60.5,5.0,5.0,5.0,Trueblood-Report-2019-02.pdf,(local) Trueblood-Report-2019-02.pdf,29f42cc9a6bb,8,Table 1b
WA,2018-02,WSH,evaluation,inpatient,6.0,,55.2,62.0,7.0,7.0,7.0,Trueblood-Report-2019-02.pdf,(local) Trueblood-Report-2019-02.pdf,29f42cc9a6bb,8,Table 1b
WA,2018-03,WSH,evaluation,inpatient,12.0,,44.1,61.5,17.0,17.0,17.0,Trueblood-Report-2019-02.pdf,(local) Trueblood-Report-2019-02.pdf,29f42cc9a6bb,8,Table 1b
WA,2018-04,WSH,evaluation,inpatient,10.0,9.0,56.3,62.0,0.0,0.0,0.0,Trueblood-Report-2019-05.pdf,(local) Trueblood-Report-2019-05.pdf,48ba75917cc4,8,Table 1b
WA,2018-05,WSH,evaluation,inpatient,11.0,11.0,41.4,42.0,4.0,4.0,4.0,Trueblood-Report-2019-05.pdf,(local) Trueblood-Report-2019-05.pdf,48ba75917cc4,8,Table 1b
WA,2018-06,WSH,evaluation,inpatient,9.0,9.0,33.7,40.0,5.0,5.0,5.0,Trueblood-Report-2019-07.pdf,(local) Trueblood-Report-2019-07.pdf,a2b6ac7e38ef,8,Table 1b
WA,2018-07,WSH,evaluation,inpatient,14.0,6.0,41.8,42.0,0.0,0.0,0.0,Trueblood-Report-2019-07.pdf,(local) Trueblood-Report-2019-07.pdf,a2b6ac7e38ef,8,Table 1b
WA,2018-08,WSH,evaluation,inpatient,8.0,9.0,46.2,48.0,0.0,0.0,0.0,Trueblood-Report-2019-07.pdf,(local) Trueblood-Report-2019-07.pdf,a2b6ac7e38ef,8,Table 1b
WA,2018-09,WSH,evaluation,inpatient,8.0,11.0,51.5,50.0,0.0,0.0,0.0,Trueblood-Report-2019-10.pdf,(local) Trueblood-Report-2019-10.pdf,68a64fa8c402,9,Table 3
WA,2018-10,WSH,evaluation,inpatient,14.0,13.0,48.0,47.0,0.0,0.0,0.0,Trueblood-Report-2019-11.pdf,(local) Trueblood-Report-2019-11.pdf,6ba93df67949,9,Table 3
WA,2018-11,WSH,evaluation,inpatient,13.0,12.0,37.4,38.0,0.0,0.0,0.0,Trueblood-Report-2019-12.pdf,(local) Trueblood-Report-2019-12.pdf,ff3749aafc99,9,Table 3
WA,2018-12,WSH,evaluation,inpatient,11.0,13.0,36.4,36.0,0.0,0.0,0.0,Trueblood-Report-2020-01.pdf,(local) Trueblood-Report-2020-01.pdf,9eb8848df148,9,Table 3
WA,2019-01,WSH,evaluation,inpatient,16.0,15.0,32.7,39.0,13.0,13.0,13.0,Trueblood-Report-2020-02.pdf,(local) Trueblood-Report-2020-02.pdf,2a357dc93979,10,Table 3
WA,2019-02,WSH,evaluation,inpatient,11.0,12.0,40.7,48.5,8.0,8.0,8.0,Trueblood-Report-2020-02.pdf,(local) Trueblood-Report-2020-02.pdf,2a357dc93979,10,Table 3
WA,2019-03,WSH,evaluation,inpatient,11.0,19.0,27.8,27.0,26.0,26.0,26.0,Trueblood-Report-2020-02.pdf,(local) Trueblood-Report-2020-02.pdf,2a357dc93979,10,Table 3
WA,2019-04,WSH,evaluation,inpatient,11.0,10.0,24.8,20.0,10.0,10.0,10.0,Trueblood-Report-2020-02.pdf,(local) Trueblood-Report-2020-02.pdf,2a357dc93979,10,Table 3
WA,2019-05,WSH,evaluation,inpatient,15.0,5.0,22.8,14.0,20.0,20.0,20.0,Trueblood-Report-2020-06.pdf,(local) Trueblood-Report-2020-06.pdf,99295309355d,12,Table 3
WA,2019-06,WSH,evaluation,inpatient,11.0,12.0,30.6,30.0,8.0,8.0,8.0,Trueblood-Report-2020-07.pdf,(local) Trueblood-Report-2020-07.pdf,7f9e598ef9df,12,Table 3
WA,2019-07,WSH,evaluation,inpatient,4.0,10.0,46.6,49.5,0.0,0.0,0.0,Trueblood-Report-2020-07.pdf,(local) Trueblood-Report-2020-07.pdf,7f9e598ef9df,12,Table 3
WA,2019-08,WSH,evaluation,inpatient,18.0,11.0,47.7,54.0,9.0,9.0,9.0,Trueblood-Report-2020-07.pdf,(local) Trueblood-Report-2020-07.pdf,7f9e598ef9df,12,Table 3
WA,2019-09,WSH,evaluation,inpatient,8.0,13.0,51.9,40.0,15.0,15.0,15.0,Trueblood-Report-2020-10.pdf,(local) Trueblood-Report-2020-10.pdf,2bedf0f4cfff,14,Table 3
WA,2019-10,WSH,evaluation,inpatient,2.0,10.0,51.2,54.5,10.0,10.0,10.0,Trueblood-Report-2020-11.pdf,(local) Trueblood-Report-2020-11.pdf,595ab0efa441,14,Table 3
WA,2019-11,WSH,evaluation,inpatient,7.0,7.0,35.3,46.0,0.0,0.0,0.0,Trueblood-Report-2020-12.pdf,(local) Trueblood-Report-2020-12.pdf,197278ce3fbf,13,Table 3
WA,2019-12,WSH,evaluation,inpatient,2.0,6.0,36.8,30.0,0.0,0.0,0.0,Trueblood-Report-2021-01.pdf,(local) Trueblood-Report-2021-01.pdf,ee5f4e460f7b,13,Table 3
WA,2020-01,WSH,evaluation,inpatient,8.0,3.0,22.7,26.0,0.0,0.0,0.0,Trueblood-Report-2021-02.pdf,(local) Trueblood-Report-2021-02.pdf,b54a5a28745c,12,Table 3
WA,2020-02,WSH,evaluation,inpatient,9.0,6.0,19.8,21.5,0.0,0.0,0.0,Trueblood-Report-2021-03.pdf,(local) Trueblood-Report-2021-03.pdf,6b2aa713e0fb,12,Table 3
WA,2020-03,WSH,evaluation,inpatient,3.0,6.0,42.8,48.5,17.0,17.0,17.0,Trueblood-Report-2021-04.pdf,(local) Trueblood-Report-2021-04.pdf,4b588bfa8cf2,12,Table 3
WA,2020-04,WSH,evaluation,inpatient,4.0,0.0,,,,,,Trueblood-Report-2021-05.pdf,(local) Trueblood-Report-2021-05.pdf,0cb3da8cda63,12,Table 3
WA,2020-05,WSH,evaluation,inpatient,4.0,1.0,0.0,0.0,100.0,100.0,100.0,Trueblood-Report-2021-06.pdf,(local) Trueblood-Report-2021-06.pdf,aecc13a6d1dc,12,Table 3
WA,2020-06,WSH,evaluation,inpatient,10.0,8.0,55.1,18.0,0.0,0.0,0.0,Trueblood-Report-2021-07.pdf,(local) Trueblood-Report-2021-07.pdf,5d748b19d1a9,12,Table 3
WA,2020-07,WSH,evaluation,inpatient,5.0,3.0,44.7,51.0,0.0,0.0,0.0,Trueblood-Report-2021-07.pdf,(local) Trueblood-Report-2021-07.pdf,5d748b19d1a9,12,Table 3
WA,2020-08,WSH,evaluation,inpatient,7.0,11.0,116.0,132.0,0.0,0.0,0.0,Trueblood-Report-2021-09.pdf,(local) Trueblood-Report-2021-09.pdf,19b1ac35a2cc,12,Table 3
WA,2020-09,WSH,evaluation,inpatient,7.0,7.0,62.0,75.0,0.0,0.0,0.0,Trueblood-Report-2021-10.pdf,(local) Trueblood-Report-2021-10.pdf,97de982233a3,12,Table 3
WA,2020-10,WSH,evaluation,inpatient,15.0,13.0,54.8,51.0,0.0,0.0,0.0,Trueblood-Report-2021-11.pdf,(local) Trueblood-Report-2021-11.pdf,a4ddd236f8ce,12,Table 3
WA,2020-11,WSH,evaluation,inpatient,15.0,11.0,29.8,37.0,9.0,9.0,9.0,Trueblood-Report-2021-12.pdf,(local) Trueblood-Report-2021-12.pdf,84321c2e419d,12,Table 3
WA,2020-12,WSH,evaluation,inpatient,17.0,10.0,39.0,47.5,10.0,10.0,10.0,Trueblood-Report-2022-01.pdf,(local) Trueblood-Report-2022-01.pdf,80a1c9a9027a,12,Table 3
WA,2021-01,WSH,evaluation,inpatient,14.0,15.0,63.3,70.0,0.0,0.0,0.0,Trueblood-Report-2022-02.pdf,(local) Trueblood-Report-2022-02.pdf,7e0983577785,13,Table 3
WA,2021-02,WSH,evaluation,inpatient,8.0,16.0,38.0,29.0,6.0,6.0,6.0,Trueblood-Report-2022-03.pdf,(local) Trueblood-Report-2022-03.pdf,758295511742,13,Table 3
WA,2021-03,WSH,evaluation,inpatient,14.0,14.0,63.8,76.0,0.0,0.0,0.0,Trueblood-Report-2022-03.pdf,(local) Trueblood-Report-2022-03.pdf,758295511742,13,Table 3
WA,2021-04,WSH,evaluation,inpatient,12.0,18.0,33.6,36.0,0.0,0.0,0.0,Trueblood-Report-2022-05.pdf,(local) Trueblood-Report-2022-05.pdf,6fa242a431c7,13,Table 3
WA,2021-05,WSH,evaluation,inpatient,9.0,10.0,41.0,38.0,0.0,0.0,0.0,Trueblood-Report-2022-06.pdf,(local) Trueblood-Report-2022-06.pdf,fac7ad731caf,13,Table 3
WA,2021-06,WSH,evaluation,inpatient,19.0,14.0,24.8,30.0,21.0,21.0,21.0,Trueblood-Report-2022-07.pdf,(local) Trueblood-Report-2022-07.pdf,1ed794b880ce,13,Table 3
WA,2021-07,WSH,evaluation,inpatient,16.0,19.0,22.8,24.0,11.0,11.0,11.0,Trueblood-Report-2022-08.pdf,(local) Trueblood-Report-2022-08.pdf,76874be56410,13,Table 3
WA,2021-08,WSH,evaluation,inpatient,22.0,11.0,18.6,15.0,27.0,36.0,36.0,Trueblood-Report-2022-09.pdf,(local) Trueblood-Report-2022-09.pdf,74671e617b2c,13,Table 3
WA,2021-09,WSH,evaluation,inpatient,17.0,16.0,29.1,28.0,25.0,25.0,25.0,Trueblood-Report-2022-09.pdf,(local) Trueblood-Report-2022-09.pdf,74671e617b2c,13,Table 3
WA,2021-10,WSH,evaluation,inpatient,11.0,16.0,49.9,57.0,6.0,6.0,6.0,Trueblood-Report-2022-11.pdf,(local) Trueblood-Report-2022-11.pdf,e8b82f16473a,13,Table 3
WA,2021-11,WSH,evaluation,inpatient,14.0,16.0,43.6,51.0,6.0,13.0,13.0,Trueblood-Report-2022-11.pdf,(local) Trueblood-Report-2022-11.pdf,e8b82f16473a,13,Table 3
WA,2021-12,WSH,evaluation,inpatient,18.0,18.0,36.7,36.0,0.0,0.0,0.0,Trueblood-Report-2023-01.pdf,(local) Trueblood-Report-2023-01.pdf,3a0d5b251edc,13,Table 3
WA,2022-01,WSH,evaluation,inpatient,13.0,13.0,32.6,35.0,15.0,15.0,15.0,Trueblood-Report-2023-02.pdf,(local) Trueblood-Report-2023-02.pdf,7009c637f545,13,Table 3
WA,2022-02,WSH,evaluation,inpatient,14.0,7.0,30.9,24.0,43.0,43.0,43.0,Trueblood-Report-2023-02.pdf,(local) Trueblood-Report-2023-02.pdf,7009c637f545,13,Table 3
WA,2022-03,WSH,evaluation,inpatient,11.0,17.0,57.5,67.0,6.0,6.0,6.0,Trueblood-Report-2023-04.pdf,(local) Trueblood-Report-2023-04.pdf,1a09abe029a9,13,Table 3
WA,2022-04,WSH,evaluation,inpatient,10.0,11.0,35.7,23.0,18.0,18.0,18.0,Trueblood-Report-2023-05.pdf,(local) Trueblood-Report-2023-05.pdf,485d112f4341,13,Table 3
WA,2022-05,WSH,evaluation,inpatient,7.0,10.0,18.3,13.0,10.0,10.0,10.0,Trueblood-Report-2023-06.pdf,(local) Trueblood-Report-2023-06.pdf,69cb8ee59778,14,Table 3
WA,2022-06,WSH,evaluation,inpatient,10.0,12.0,81.8,120.5,8.0,8.0,8.0,Trueblood-Report-2023-06.pdf,(local) Trueblood-Report-2023-06.pdf,69cb8ee59778,14,Table 3
WA,2022-07,WSH,evaluation,inpatient,19.0,11.0,20.5,4.0,55.0,55.0,55.0,Trueblood-Report-2023-08.pdf,(local) Trueblood-Report-2023-08.pdf,db59247b803f,14,Table 3
WA,2022-08,WSH,evaluation,inpatient,18.0,10.0,44.0,21.5,20.0,20.0,20.0,Trueblood-Report-2023-09.pdf,(local) Trueblood-Report-2023-09.pdf,f8377cdfa1b9,14,Table 3
WA,2022-09,WSH,evaluation,inpatient,16.0,11.0,27.8,16.0,0.0,0.0,0.0,Trueblood-Report-2023-10.pdf,(local) Trueblood-Report-2023-10.pdf,f047e00db7ce,14,Table 3
WA,2022-10,WSH,evaluation,inpatient,16.0,8.0,43.6,39.5,25.0,25.0,25.0,Trueblood-Report-2023-11.pdf,(local) Trueblood-Report-2023-11.pdf,15755243894b,14,Table 3
WA,2022-11,WSH,evaluation,inpatient,3.0,3.0,46.0,51.0,0.0,0.0,0.0,Trueblood-Report-2023-12.pdf,(local) Trueblood-Report-2023-12.pdf,5bbaa732398b,14,Table 3
WA,2022-12,WSH,evaluation,inpatient,13.0,11.0,91.5,70.0,9.0,9.0,9.0,Trueblood-Report-2024-01.pdf,(local) Trueblood-Report-2024-01.pdf,8133c8ee7330,14,Table 3
WA,2023-01,WSH,evaluation,inpatient,7.0,21.0,85.6,84.0,0.0,0.0,0.0,Trueblood-Report-2024-02.pdf,(local) Trueblood-Report-2024-02.pdf,fd865b0cb050,14,Table 3
WA,2023-02,WSH,evaluation,inpatient,0.0,12.0,149.2,141.0,0.0,0.0,0.0,Trueblood-Report-2024-03.pdf,(local) Trueblood-Report-2024-03.pdf,549e58928e44,14,Table 3
WA,2023-03,WSH,evaluation,inpatient,3.0,7.0,190.7,218.0,0.0,0.0,0.0,Trueblood-Report-2024-04.pdf,(local) Trueblood-Report-2024-04.pdf,5636183a032d,14,Table 3
WA,2023-04,WSH,evaluation,inpatient,3.0,8.0,67.1,50.0,13.0,13.0,13.0,Trueblood-Report-2024-05.pdf,(local) Trueblood-Report-2024-05.pdf,ca3168328dcc,14,Table 3
WA,2023-05,WSH,evaluation,inpatient,1.0,7.0,141.0,131.0,0.0,0.0,0.0,Trueblood-Report-2024-05.pdf,(local) Trueblood-Report-2024-05.pdf,ca3168328dcc,14,Table 3
WA,2023-06,WSH,evaluation,inpatient,6.0,4.0,38.8,26.5,0.0,0.0,0.0,Trueblood-Report-2024-07.pdf,(local) Trueblood-Report-2024-07.pdf,241098be5e6b,14,Table 3
WA,2023-07,WSH,evaluation,inpatient,12.0,7.0,15.3,14.0,0.0,0.0,0.0,Trueblood-Report-2024-08.pdf,(local) Trueblood-Report-2024-08.pdf,14009159338a,14,Table 3
WA,2023-08,WSH,evaluation,inpatient,9.0,4.0,57.0,51.0,25.0,25.0,25.0,Trueblood-Report-2024-09.pdf,(local) Trueblood-Report-2024-09.pdf,3bfc640f8b9d,14,Table 3
WA,2023-09,WSH,evaluation,inpatient,11.0,12.0,47.1,59.0,17.0,17.0,17.0,Trueblood-Report-2024-10.pdf,(local) Trueblood-Report-2024-10.pdf,46d3b90ae09f,15,Table 3
WA,2023-10,WSH,evaluation,inpatient,6.0,16.0,38.3,36.5,0.0,0.0,0.0,Trueblood-Report-2024-11.pdf,(local) Trueblood-Report-2024-11.pdf,53aaf66ede40,15,Table 4
WA,2023-11,WSH,evaluation,inpatient,8.0,5.0,25.6,26.0,0.0,0.0,0.0,Trueblood-Report-2024-12.pdf,(local) Trueblood-Report-2024-12.pdf,faf2ed19cc54,16,Table 4
WA,2023-12,WSH,evaluation,inpatient,7.0,9.0,22.4,29.0,33.0,33.0,33.0,Trueblood-Report-2025-01.pdf,(local) Trueblood-Report-2025-01.pdf,901f55094ef0,16,Table 4
WA,2024-01,WSH,evaluation,inpatient,5.0,9.0,18.0,26.0,33.0,33.0,33.0,Trueblood-Report-2025-02.pdf,(local) Trueblood-Report-2025-02.pdf,265ae906e2cb,16,Table 4
WA,2024-02,WSH,evaluation,inpatient,6.0,5.0,13.8,13.0,0.0,0.0,0.0,Trueblood-Report-2025-03.pdf,(local) Trueblood-Report-2025-03.pdf,07ce04aa2201,16,Table 4
WA,2024-03,WSH,evaluation,inpatient,10.0,11.0,8.0,7.0,55.0,55.0,55.0,Trueblood-Report-2025-04.pdf,(local) Trueblood-Report-2025-04.pdf,ccf190df18c8,16,Table 4
WA,2024-04,WSH,evaluation,inpatient,11.0,11.0,6.4,6.0,82.0,82.0,91.0,Trueblood-Report-2025-05.pdf,(local) Trueblood-Report-2025-05.pdf,3476aedc530f,16,Table 4
WA,2024-05,WSH,evaluation,inpatient,11.0,11.0,5.9,6.0,91.0,100.0,100.0,Trueblood-Report-2025-06.pdf,(local) Trueblood-Report-2025-06.pdf,eb0f8715a502,16,Table 4
WA,2024-06,WSH,evaluation,inpatient,7.0,6.0,5.3,5.5,100.0,100.0,100.0,Trueblood-Report-2025-07.pdf,(local) Trueblood-Report-2025-07.pdf,3593428da632,16,Table 4
WA,2024-07,WSH,evaluation,inpatient,12.0,12.0,4.9,5.0,100.0,100.0,100.0,Trueblood-Report-2025-08.pdf,(local) Trueblood-Report-2025-08.pdf,4e61c15429a2,17,Table 4
WA,2024-08,WSH,evaluation,inpatient,19.0,15.0,5.7,6.0,87.0,100.0,100.0,Trueblood-Report-2025-09.pdf,(local) Trueblood-Report-2025-09.pdf,b967b422d8e7,18,Table 4
WA,2024-09,WSH,evaluation,inpatient,13.0,17.0,5.2,6.0,100.0,100.0,100.0,Trueblood-Report-2025-10.pdf,(local) Trueblood-Report-2025-10.pdf,576a95fe6dda,18,Table 4
WA,2024-10,WSH,evaluation,inpatient,12.0,12.0,11.8,6.0,83.0,83.0,83.0,Trueblood-Report-2025-11.pdf,(local) Trueblood-Report-2025-11.pdf,c4932d189f27,18,Table 4
WA,2024-11,WSH,evaluation,inpatient,10.0,9.0,6.7,5.0,89.0,89.0,89.0,Trueblood-Report-2025-12.pdf,(local) Trueblood-Report-2025-12.pdf,c2cca9e44936,18,Table 4
WA,2024-12,WSH,evaluation,inpatient,13.0,15.0,5.1,6.0,100.0,100.0,100.0,Trueblood-Report-2026-01.pdf,(local) Trueblood-Report-2026-01.pdf,7c0ee14e8083,18,Table 4
WA,2025-01,WSH,evaluation,inpatient,14.0,13.0,5.7,6.0,100.0,100.0,100.0,Trueblood-Report-2026-02.pdf,(local) Trueblood-Report-2026-02.pdf,62cb0b228080,18,Table 4
WA,2025-02,WSH,evaluation,inpatient,24.0,20.0,5.2,6.0,95.0,100.0,100.0,Trueblood-Report-2026-03.pdf,(local) Trueblood-Report-2026-03.pdf,f84492e7b4b1,19,Table 4
WA,2025-03,WSH,evaluation,inpatient,21.0,17.0,5.8,5.0,82.0,88.0,94.0,Trueblood-Report-2026-04.pdf,(local) Trueblood-Report-2026-04.pdf,bb022575e7bf,19,Table 4
WA,2025-04,WSH,evaluation,inpatient,14.0,18.0,4.9,6.0,94.0,94.0,94.0,Trueblood-Report-2026-05.pdf,(local) Trueblood-Report-2026-05.pdf,8494818a4829,18,Table 4
WA,2025-05,WSH,evaluation,inpatient,12.0,18.0,4.0,2.0,94.0,94.0,94.0,Trueblood-Report-2026-06.pdf,(local) Trueblood-Report-2026-06.pdf,1f7fce53996c,18,Table 4
WA,2025-06,WSH,evaluation,inpatient,21.0,20.0,5.1,5.0,95.0,100.0,100.0,Trueblood-Report-2026-06.pdf,(local) Trueblood-Report-2026-06.pdf,1f7fce53996c,18,Table 4
WA,2025-07,WSH,evaluation,inpatient,23.0,23.0,4.5,4.0,96.0,100.0,100.0,Trueblood-Report-2026-06.pdf,(local) Trueblood-Report-2026-06.pdf,1f7fce53996c,18,Table 4
WA,2025-08,WSH,evaluation,inpatient,19.0,20.0,3.8,3.0,100.0,100.0,100.0,Trueblood-Report-2026-06.pdf,(local) Trueblood-Report-2026-06.pdf,1f7fce53996c,18,Table 4
WA,2025-09,WSH,evaluation,inpatient,20.0,18.0,3.9,3.5,100.0,100.0,100.0,Trueblood-Report-2026-06.pdf,(local) Trueblood-Report-2026-06.pdf,1f7fce53996c,18,Table 4
WA,2025-10,WSH,evaluation,inpatient,15.0,15.0,3.9,4.0,100.0,100.0,100.0,Trueblood-Report-2026-06.pdf,(local) Trueblood-Report-2026-06.pdf,1f7fce53996c,18,Table 4
WA,2025-11,WSH,evaluation,inpatient,18.0,14.0,6.4,5.0,86.0,86.0,86.0,Trueblood-Report-2026-06.pdf,(local) Trueblood-Report-2026-06.pdf,1f7fce53996c,18,Table 4
WA,2025-12,WSH,evaluation,inpatient,20.0,25.0,5.6,5.0,92.0,92.0,96.0,Trueblood-Report-2026-06.pdf,(local) Trueblood-Report-2026-06.pdf,1f7fce53996c,18,Table 4
WA,2026-01,WSH,evaluation,inpatient,24.0,17.0,4.4,5.0,100.0,100.0,100.0,Trueblood-Report-2026-06.pdf,(local) Trueblood-Report-2026-06.pdf,1f7fce53996c,18,Table 4
WA,2026-02,WSH,evaluation,inpatient,27.0,27.0,4.3,4.0,89.0,96.0,93.0,Trueblood-Report-2026-06.pdf,(local) Trueblood-Report-2026-06.pdf,1f7fce53996c,18,Table 4
WA,2026-03,WSH,evaluation,inpatient,33.0,31.0,4.7,4.0,90.0,94.0,94.0,Trueblood-Report-2026-06.pdf,(local) Trueblood-Report-2026-06.pdf,1f7fce53996c,18,Table 4
WA,2026-04,WSH,evaluation,inpatient,21.0,27.0,4.5,4.0,96.0,96.0,96.0,Trueblood-Report-2026-06.pdf,(local) Trueblood-Report-2026-06.pdf,1f7fce53996c,18,Table 4
WA,2026-05,WSH,evaluation,inpatient,36.0,30.0,4.9,4.5,87.0,93.0,93.0,Trueblood-Report-2026-06.pdf,(local) Trueblood-Report-2026-06.pdf,1f7fce53996c,18,Table 4
WA,2018-09,WSH,evaluation,jail,238.0,243.0,10.3,10.0,92.0,94.0,94.0,Trueblood-Report-2019-10.pdf,(local) Trueblood-Report-2019-10.pdf,68a64fa8c402,8,Table 2
WA,2018-10,WSH,evaluation,jail,305.0,290.0,11.1,11.0,89.0,93.0,93.0,Trueblood-Report-2019-11.pdf,(local) Trueblood-Report-2019-11.pdf,6ba93df67949,8,Table 2
WA,2018-11,WSH,evaluation,jail,250.0,274.0,12.7,13.0,75.0,78.0,80.0,Trueblood-Report-2019-12.pdf,(local) Trueblood-Report-2019-12.pdf,ff3749aafc99,8,Table 2
WA,2018-12,WSH,evaluation,jail,226.0,230.0,10.8,11.0,90.0,94.0,95.0,Trueblood-Report-2020-01.pdf,(local) Trueblood-Report-2020-01.pdf,9eb8848df148,8,Table 2
WA,2019-01,WSH,evaluation,jail,291.0,262.0,11.2,12.0,83.0,86.0,86.0,Trueblood-Report-2020-02.pdf,(local) Trueblood-Report-2020-02.pdf,2a357dc93979,9,Table 2
WA,2019-02,WSH,evaluation,jail,233.0,230.0,12.5,12.0,78.0,83.0,84.0,Trueblood-Report-2020-02.pdf,(local) Trueblood-Report-2020-02.pdf,2a357dc93979,9,Table 2
WA,2019-03,WSH,evaluation,jail,308.0,294.0,11.9,12.0,83.0,86.0,87.0,Trueblood-Report-2020-02.pdf,(local) Trueblood-Report-2020-02.pdf,2a357dc93979,9,Table 2
WA,2019-04,WSH,evaluation,jail,322.0,346.0,11.7,12.0,83.0,86.0,86.0,Trueblood-Report-2020-05.pdf,(local) Trueblood-Report-2020-05.pdf,1bb8472c04e2,11,Table 2
WA,2019-05,WSH,evaluation,jail,327.0,321.0,12.2,13.0,79.0,83.0,85.0,Trueblood-Report-2020-06.pdf,(local) Trueblood-Report-2020-06.pdf,99295309355d,11,Table 2
WA,2019-06,WSH,evaluation,jail,306.0,280.0,12.9,13.0,75.0,81.0,84.0,Trueblood-Report-2020-07.pdf,(local) Trueblood-Report-2020-07.pdf,7f9e598ef9df,11,Table 2
WA,2019-07,WSH,evaluation,jail,388.0,379.0,12.3,13.0,75.0,79.0,80.0,Trueblood-Report-2020-08.pdf,(local) Trueblood-Report-2020-08.pdf,3748df2b901c,12,Table 2
WA,2019-08,WSH,evaluation,jail,368.0,360.0,11.7,12.0,81.0,86.0,89.0,Trueblood-Report-2020-09.pdf,(local) Trueblood-Report-2020-09.pdf,3319302cfb51,12,Table 2
WA,2019-09,WSH,evaluation,jail,294.0,328.0,12.0,13.0,84.0,87.0,89.0,Trueblood-Report-2020-10.pdf,(local) Trueblood-Report-2020-10.pdf,2bedf0f4cfff,13,Table 2
WA,2019-10,WSH,evaluation,jail,411.0,374.0,11.5,12.0,84.0,88.0,91.0,Trueblood-Report-2020-11.pdf,(local) Trueblood-Report-2020-11.pdf,595ab0efa441,13,Table 2
WA,2019-11,WSH,evaluation,jail,306.0,326.0,12.6,13.0,78.0,85.0,89.0,Trueblood-Report-2020-12.pdf,(local) Trueblood-Report-2020-12.pdf,197278ce3fbf,12,Table 2
WA,2019-12,WSH,evaluation,jail,337.0,344.0,12.6,13.0,69.0,76.0,77.0,Trueblood-Report-2021-01.pdf,(local) Trueblood-Report-2021-01.pdf,ee5f4e460f7b,12,Table 2
WA,2020-01,WSH,evaluation,jail,393.0,360.0,12.2,13.0,76.0,81.0,85.0,Trueblood-Report-2021-02.pdf,(local) Trueblood-Report-2021-02.pdf,b54a5a28745c,11,Table 2
WA,2020-02,WSH,evaluation,jail,358.0,373.0,12.1,13.0,81.0,84.0,86.0,Trueblood-Report-2021-03.pdf,(local) Trueblood-Report-2021-03.pdf,6b2aa713e0fb,11,Table 2
WA,2020-03,WSH,evaluation,jail,247.0,338.0,12.3,13.0,78.0,82.0,85.0,Trueblood-Report-2021-04.pdf,(local) Trueblood-Report-2021-04.pdf,4b588bfa8cf2,11,Table 2
WA,2020-04,WSH,evaluation,jail,183.0,150.0,13.7,13.0,62.0,68.0,69.0,Trueblood-Report-2021-05.pdf,(local) Trueblood-Report-2021-05.pdf,0cb3da8cda63,11,Table 2
WA,2020-05,WSH,evaluation,jail,202.0,200.0,14.3,13.0,65.0,71.0,72.0,Trueblood-Report-2021-06.pdf,(local) Trueblood-Report-2021-06.pdf,aecc13a6d1dc,11,Table 2
WA,2020-06,WSH,evaluation,jail,240.0,244.0,12.3,13.0,83.0,85.0,86.0,Trueblood-Report-2021-07.pdf,(local) Trueblood-Report-2021-07.pdf,5d748b19d1a9,11,Table 2
WA,2020-07,WSH,evaluation,jail,296.0,267.0,12.1,12.0,80.0,81.0,83.0,Trueblood-Report-2021-07.pdf,(local) Trueblood-Report-2021-07.pdf,5d748b19d1a9,11,Table 2
WA,2020-08,WSH,evaluation,jail,290.0,292.0,11.3,12.0,86.0,90.0,92.0,Trueblood-Report-2021-09.pdf,(local) Trueblood-Report-2021-09.pdf,19b1ac35a2cc,11,Table 2
WA,2020-09,WSH,evaluation,jail,309.0,292.0,11.7,12.0,81.0,84.0,85.0,Trueblood-Report-2021-10.pdf,(local) Trueblood-Report-2021-10.pdf,97de982233a3,11,Table 2
WA,2020-10,WSH,evaluation,jail,328.0,331.0,12.6,13.0,82.0,86.0,89.0,Trueblood-Report-2021-11.pdf,(local) Trueblood-Report-2021-11.pdf,a4ddd236f8ce,11,Table 2
WA,2020-11,WSH,evaluation,jail,246.0,257.0,12.2,13.0,79.0,81.0,85.0,Trueblood-Report-2021-12.pdf,(local) Trueblood-Report-2021-12.pdf,84321c2e419d,11,Table 2
WA,2020-12,WSH,evaluation,jail,242.0,267.0,13.0,13.0,74.0,84.0,85.0,Trueblood-Report-2022-01.pdf,(local) Trueblood-Report-2022-01.pdf,80a1c9a9027a,11,Table 2
WA,2021-01,WSH,evaluation,jail,266.0,245.0,12.8,13.0,76.0,79.0,80.0,Trueblood-Report-2022-02.pdf,(local) Trueblood-Report-2022-02.pdf,7e0983577785,12,Table 2
WA,2021-02,WSH,evaluation,jail,224.0,248.0,12.0,13.0,85.0,89.0,90.0,Trueblood-Report-2022-03.pdf,(local) Trueblood-Report-2022-03.pdf,758295511742,12,Table 2
WA,2021-03,WSH,evaluation,jail,345.0,310.0,10.9,12.0,91.0,94.0,95.0,Trueblood-Report-2022-04.pdf,(local) Trueblood-Report-2022-04.pdf,86a0c06b80b5,12,Table 2
WA,2021-04,WSH,evaluation,jail,324.0,333.0,11.9,13.0,83.0,89.0,90.0,Trueblood-Report-2022-05.pdf,(local) Trueblood-Report-2022-05.pdf,6fa242a431c7,12,Table 2
WA,2021-05,WSH,evaluation,jail,295.0,288.0,12.0,13.0,88.0,90.0,92.0,Trueblood-Report-2022-06.pdf,(local) Trueblood-Report-2022-06.pdf,fac7ad731caf,12,Table 2
WA,2021-06,WSH,evaluation,jail,336.0,312.0,12.4,13.0,80.0,83.0,86.0,Trueblood-Report-2022-07.pdf,(local) Trueblood-Report-2022-07.pdf,1ed794b880ce,12,Table 2
WA,2021-07,WSH,evaluation,jail,376.0,363.0,12.8,13.0,80.0,83.0,87.0,Trueblood-Report-2022-08.pdf,(local) Trueblood-Report-2022-08.pdf,76874be56410,12,Table 2
WA,2021-08,WSH,evaluation,jail,426.0,389.0,13.4,13.0,76.0,79.0,85.0,Trueblood-Report-2022-09.pdf,(local) Trueblood-Report-2022-09.pdf,74671e617b2c,12,Table 2
WA,2021-09,WSH,evaluation,jail,396.0,400.0,14.5,14.0,65.0,70.0,80.0,Trueblood-Report-2022-10.pdf,(local) Trueblood-Report-2022-10.pdf,625cf77b4b24,12,Table 2
WA,2021-10,WSH,evaluation,jail,399.0,427.0,13.0,13.0,78.0,81.0,87.0,Trueblood-Report-2022-11.pdf,(local) Trueblood-Report-2022-11.pdf,e8b82f16473a,12,Table 2
WA,2021-11,WSH,evaluation,jail,395.0,381.0,12.3,13.0,86.0,90.0,91.0,Trueblood-Report-2022-11.pdf,(local) Trueblood-Report-2022-11.pdf,e8b82f16473a,12,Table 2
WA,2021-12,WSH,evaluation,jail,381.0,409.0,13.0,13.0,79.0,83.0,89.0,Trueblood-Report-2023-01.pdf,(local) Trueblood-Report-2023-01.pdf,3a0d5b251edc,12,Table 2
WA,2022-01,WSH,evaluation,jail,345.0,354.0,14.2,14.0,73.0,75.0,83.0,Trueblood-Report-2023-02.pdf,(local) Trueblood-Report-2023-02.pdf,7009c637f545,12,Table 2
WA,2022-02,WSH,evaluation,jail,359.0,363.0,13.1,13.0,81.0,84.0,89.0,Trueblood-Report-2023-02.pdf,(local) Trueblood-Report-2023-02.pdf,7009c637f545,12,Table 2
WA,2022-03,WSH,evaluation,jail,467.0,427.0,12.5,13.0,85.0,88.0,92.0,Trueblood-Report-2023-04.pdf,(local) Trueblood-Report-2023-04.pdf,1a09abe029a9,12,Table 2
WA,2022-04,WSH,evaluation,jail,461.0,415.0,12.9,13.0,81.0,86.0,92.0,Trueblood-Report-2023-05.pdf,(local) Trueblood-Report-2023-05.pdf,485d112f4341,12,Table 2
WA,2022-05,WSH,evaluation,jail,429.0,479.0,13.2,13.0,80.0,86.0,91.0,Trueblood-Report-2023-06.pdf,(local) Trueblood-Report-2023-06.pdf,69cb8ee59778,13,Table 2
WA,2022-06,WSH,evaluation,jail,402.0,422.0,13.1,13.0,78.0,84.0,91.0,Trueblood-Report-2023-07.pdf,(local) Trueblood-Report-2023-07.pdf,d9268a6683f3,13,Table 2
WA,2022-07,WSH,evaluation,jail,475.0,389.0,12.8,13.0,81.0,87.0,96.0,Trueblood-Report-2023-08.pdf,(local) Trueblood-Report-2023-08.pdf,db59247b803f,13,Table 2
WA,2022-08,WSH,evaluation,jail,490.0,515.0,13.9,13.0,72.0,78.0,89.0,Trueblood-Report-2023-09.pdf,(local) Trueblood-Report-2023-09.pdf,f8377cdfa1b9,13,Table 2
WA,2022-09,WSH,evaluation,jail,438.0,453.0,13.9,14.0,72.0,77.0,81.0,Trueblood-Report-2023-10.pdf,(local) Trueblood-Report-2023-10.pdf,f047e00db7ce,13,Table 2
WA,2022-10,WSH,evaluation,jail,440.0,425.0,14.3,14.0,76.0,79.0,80.0,Trueblood-Report-2023-11.pdf,(local) Trueblood-Report-2023-11.pdf,15755243894b,13,Table 2
WA,2022-11,WSH,evaluation,jail,357.0,387.0,14.9,14.0,71.0,76.0,78.0,Trueblood-Report-2023-12.pdf,(local) Trueblood-Report-2023-12.pdf,5bbaa732398b,13,Table 2
WA,2022-12,WSH,evaluation,jail,378.0,393.0,13.5,13.0,77.0,79.0,82.0,Trueblood-Report-2024-01.pdf,(local) Trueblood-Report-2024-01.pdf,8133c8ee7330,13,Table 2
WA,2023-01,WSH,evaluation,jail,474.0,427.0,14.1,14.0,71.0,78.0,79.0,Trueblood-Report-2024-02.pdf,(local) Trueblood-Report-2024-02.pdf,fd865b0cb050,13,Table 2
WA,2023-02,WSH,evaluation,jail,368.0,403.0,14.0,13.0,79.0,85.0,87.0,Trueblood-Report-2024-03.pdf,(local) Trueblood-Report-2024-03.pdf,549e58928e44,13,Table 2
WA,2023-03,WSH,evaluation,jail,497.0,467.0,13.3,13.0,81.0,85.0,86.0,Trueblood-Report-2024-04.pdf,(local) Trueblood-Report-2024-04.pdf,5636183a032d,13,Table 2
WA,2023-04,WSH,evaluation,jail,415.0,428.0,13.1,13.0,81.0,85.0,85.0,Trueblood-Report-2024-05.pdf,(local) Trueblood-Report-2024-05.pdf,ca3168328dcc,13,Table 2
WA,2023-05,WSH,evaluation,jail,487.0,491.0,12.7,13.0,85.0,88.0,88.0,Trueblood-Report-2024-06.pdf,(local) Trueblood-Report-2024-06.pdf,58591efc1214,13,Table 2
WA,2023-06,WSH,evaluation,jail,440.0,446.0,13.3,13.0,78.0,81.0,83.0,Trueblood-Report-2024-07.pdf,(local) Trueblood-Report-2024-07.pdf,241098be5e6b,13,Table 2
WA,2023-07,WSH,evaluation,jail,446.0,423.0,13.7,13.0,79.0,84.0,84.0,Trueblood-Report-2024-08.pdf,(local) Trueblood-Report-2024-08.pdf,14009159338a,13,Table 2
WA,2023-08,WSH,evaluation,jail,450.0,461.0,13.5,14.0,79.0,82.0,83.0,Trueblood-Report-2024-09.pdf,(local) Trueblood-Report-2024-09.pdf,3bfc640f8b9d,13,Table 2
WA,2023-09,WSH,evaluation,jail,383.0,377.0,14.0,14.0,76.0,80.0,81.0,Trueblood-Report-2024-10.pdf,(local) Trueblood-Report-2024-10.pdf,46d3b90ae09f,14,Table 2
WA,2023-10,WSH,evaluation,jail,420.0,436.0,14.3,14.0,75.0,78.0,79.0,Trueblood-Report-2024-11.pdf,(local) Trueblood-Report-2024-11.pdf,53aaf66ede40,14,Table 3
WA,2023-11,WSH,evaluation,jail,390.0,386.0,14.2,14.0,70.0,76.0,77.0,Trueblood-Report-2024-12.pdf,(local) Trueblood-Report-2024-12.pdf,faf2ed19cc54,14,Table 3
WA,2023-12,WSH,evaluation,jail,409.0,397.0,14.2,14.0,70.0,75.0,76.0,Trueblood-Report-2025-01.pdf,(local) Trueblood-Report-2025-01.pdf,901f55094ef0,14,Table 3
WA,2024-01,WSH,evaluation,jail,419.0,438.0,15.9,14.0,62.0,66.0,67.0,Trueblood-Report-2025-02.pdf,(local) Trueblood-Report-2025-02.pdf,265ae906e2cb,14,Table 3
WA,2024-02,WSH,evaluation,jail,376.0,395.0,14.4,14.0,70.0,75.0,76.0,Trueblood-Report-2025-03.pdf,(local) Trueblood-Report-2025-03.pdf,07ce04aa2201,14,Table 3
WA,2024-03,WSH,evaluation,jail,408.0,390.0,13.7,14.0,73.0,76.0,76.0,Trueblood-Report-2025-04.pdf,(local) Trueblood-Report-2025-04.pdf,ccf190df18c8,14,Table 3
WA,2024-04,WSH,evaluation,jail,462.0,449.0,12.8,13.0,80.0,85.0,85.0,Trueblood-Report-2025-05.pdf,(local) Trueblood-Report-2025-05.pdf,3476aedc530f,14,Table 3
WA,2024-05,WSH,evaluation,jail,461.0,477.0,13.1,13.0,78.0,81.0,82.0,Trueblood-Report-2025-06.pdf,(local) Trueblood-Report-2025-06.pdf,eb0f8715a502,14,Table 3
WA,2024-06,WSH,evaluation,jail,445.0,410.0,13.5,14.0,73.0,80.0,81.0,Trueblood-Report-2025-07.pdf,(local) Trueblood-Report-2025-07.pdf,3593428da632,14,Table 3
WA,2024-07,WSH,evaluation,jail,494.0,511.0,13.2,14.0,77.0,82.0,84.0,Trueblood-Report-2025-08.pdf,(local) Trueblood-Report-2025-08.pdf,4e61c15429a2,15,Table 3
WA,2024-08,WSH,evaluation,jail,485.0,482.0,12.3,13.0,81.0,86.0,88.0,Trueblood-Report-2025-09.pdf,(local) Trueblood-Report-2025-09.pdf,b967b422d8e7,16,Table 3
WA,2024-09,WSH,evaluation,jail,451.0,450.0,12.9,13.0,83.0,86.0,87.0,Trueblood-Report-2025-10.pdf,(local) Trueblood-Report-2025-10.pdf,576a95fe6dda,16,Table 3
WA,2024-10,WSH,evaluation,jail,500.0,521.0,12.8,13.0,81.0,85.0,86.0,Trueblood-Report-2025-11.pdf,(local) Trueblood-Report-2025-11.pdf,c4932d189f27,16,Table 3
WA,2024-11,WSH,evaluation,jail,354.0,385.0,12.2,13.0,84.0,87.0,87.0,Trueblood-Report-2025-12.pdf,(local) Trueblood-Report-2025-12.pdf,c2cca9e44936,16,Table 3
WA,2024-12,WSH,evaluation,jail,439.0,419.0,12.2,13.0,84.0,88.0,88.0,Trueblood-Report-2026-01.pdf,(local) Trueblood-Report-2026-01.pdf,7c0ee14e8083,16,Table 3
WA,2025-01,WSH,evaluation,jail,446.0,448.0,12.3,13.0,79.0,81.0,81.0,Trueblood-Report-2026-02.pdf,(local) Trueblood-Report-2026-02.pdf,62cb0b228080,16,Table 3
WA,2025-02,WSH,evaluation,jail,431.0,434.0,11.4,12.0,87.0,89.0,90.0,Trueblood-Report-2026-03.pdf,(local) Trueblood-Report-2026-03.pdf,f84492e7b4b1,17,Table 3
WA,2025-03,WSH,evaluation,jail,530.0,503.0,10.9,12.0,87.0,91.0,91.0,Trueblood-Report-2026-04.pdf,(local) Trueblood-Report-2026-04.pdf,bb022575e7bf,17,Table 3
WA,2025-04,WSH,evaluation,jail,463.0,489.0,11.5,13.0,87.0,91.0,93.0,Trueblood-Report-2026-05.pdf,(local) Trueblood-Report-2026-05.pdf,8494818a4829,16,Table 3
WA,2025-05,WSH,evaluation,jail,465.0,455.0,11.8,12.0,86.0,90.0,91.0,Trueblood-Report-2026-06.pdf,(local) Trueblood-Report-2026-06.pdf,1f7fce53996c,16,Table 3
WA,2025-06,WSH,evaluation,jail,476.0,462.0,11.9,13.0,88.0,92.0,94.0,Trueblood-Report-2026-06.pdf,(local) Trueblood-Report-2026-06.pdf,1f7fce53996c,16,Table 3
WA,2025-07,WSH,evaluation,jail,557.0,549.0,11.8,13.0,84.0,89.0,90.0,Trueblood-Report-2026-06.pdf,(local) Trueblood-Report-2026-06.pdf,1f7fce53996c,16,Table 3
WA,2025-08,WSH,evaluation,jail,479.0,499.0,12.0,13.0,87.0,92.0,92.0,Trueblood-Report-2026-06.pdf,(local) Trueblood-Report-2026-06.pdf,1f7fce53996c,16,Table 3
WA,2025-09,WSH,evaluation,jail,511.0,478.0,12.1,13.0,83.0,87.0,89.0,Trueblood-Report-2026-06.pdf,(local) Trueblood-Report-2026-06.pdf,1f7fce53996c,16,Table 3
WA,2025-10,WSH,evaluation,jail,518.0,537.0,11.7,13.0,86.0,90.0,91.0,Trueblood-Report-2026-06.pdf,(local) Trueblood-Report-2026-06.pdf,1f7fce53996c,16,Table 3
WA,2025-11,WSH,evaluation,jail,405.0,428.0,11.9,13.0,91.0,93.0,93.0,Trueblood-Report-2026-06.pdf,(local) Trueblood-Report-2026-06.pdf,1f7fce53996c,16,Table 3
WA,2025-12,WSH,evaluation,jail,475.0,484.0,12.5,13.0,84.0,87.0,88.0,Trueblood-Report-2026-06.pdf,(local) Trueblood-Report-2026-06.pdf,1f7fce53996c,16,Table 3
WA,2026-01,WSH,evaluation,jail,465.0,452.0,12.2,13.0,79.0,87.0,87.0,Trueblood-Report-2026-06.pdf,(local) Trueblood-Report-2026-06.pdf,1f7fce53996c,16,Table 3
WA,2026-02,WSH,evaluation,jail,414.0,431.0,12.0,13.0,85.0,92.0,92.0,Trueblood-Report-2026-06.pdf,(local) Trueblood-Report-2026-06.pdf,1f7fce53996c,16,Table 3
WA,2026-03,WSH,evaluation,jail,467.0,478.0,11.6,13.0,90.0,95.0,95.0,Trueblood-Report-2026-06.pdf,(local) Trueblood-Report-2026-06.pdf,1f7fce53996c,16,Table 3
WA,2026-04,WSH,evaluation,jail,480.0,453.0,11.3,12.0,90.0,95.0,95.0,Trueblood-Report-2026-06.pdf,(local) Trueblood-Report-2026-06.pdf,1f7fce53996c,16,Table 3
WA,2026-05,WSH,evaluation,jail,480.0,456.0,11.7,12.0,90.0,93.0,93.0,Trueblood-Report-2026-06.pdf,(local) Trueblood-Report-2026-06.pdf,1f7fce53996c,16,Table 3
WA,2018-01,WSH,restoration,inpatient,78.0,,52.2,44.0,5.0,6.0,6.0,Trueblood-Report-2019-02.pdf,(local) Trueblood-Report-2019-02.pdf,29f42cc9a6bb,9,Table 1c
WA,2018-02,WSH,restoration,inpatient,95.0,,47.3,34.0,7.0,8.0,8.0,Trueblood-Report-2019-02.pdf,(local) Trueblood-Report-2019-02.pdf,29f42cc9a6bb,9,Table 1c
WA,2018-03,WSH,restoration,inpatient,96.0,,45.8,27.5,9.0,10.0,10.0,Trueblood-Report-2019-02.pdf,(local) Trueblood-Report-2019-02.pdf,29f42cc9a6bb,9,Table 1c
WA,2018-04,WSH,restoration,inpatient,122.0,97.0,46.0,38.0,8.0,10.0,10.0,Trueblood-Report-2019-05.pdf,(local) Trueblood-Report-2019-05.pdf,48ba75917cc4,9,Table 1c
WA,2018-05,WSH,restoration,inpatient,96.0,106.0,37.6,25.0,10.0,10.0,10.0,Trueblood-Report-2019-06.pdf,(local) Trueblood-Report-2019-06.pdf,df2a0b64b835,9,Table 1c
WA,2018-06,WSH,restoration,inpatient,89.0,102.0,45.2,49.0,7.0,7.0,7.0,Trueblood-Report-2019-06.pdf,(local) Trueblood-Report-2019-06.pdf,df2a0b64b835,9,Table 1c
WA,2018-07,WSH,restoration,inpatient,100.0,92.0,42.5,32.0,10.0,10.0,11.0,Trueblood-Report-2019-06.pdf,(local) Trueblood-Report-2019-06.pdf,df2a0b64b835,9,Table 1c
WA,2018-08,WSH,restoration,inpatient,71.0,61.0,54.1,56.0,21.0,20.0,21.0,Trueblood-Report-2019-09.pdf,(local) Trueblood-Report-2019-09.pdf,c8d0c873197d,10,Table 4
WA,2018-09,WSH,restoration,inpatient,43.0,55.0,72.3,78.0,7.0,7.0,7.0,Trueblood-Report-2019-10.pdf,(local) Trueblood-Report-2019-10.pdf,68a64fa8c402,10,Table 4
WA,2018-10,WSH,restoration,inpatient,74.0,77.0,60.5,54.0,16.0,16.0,16.0,Trueblood-Report-2019-11.pdf,(local) Trueblood-Report-2019-11.pdf,6ba93df67949,10,Table 4
WA,2018-11,WSH,restoration,inpatient,62.0,70.0,57.5,50.0,0.0,20.0,20.0,Trueblood-Report-2019-12.pdf,(local) Trueblood-Report-2019-12.pdf,ff3749aafc99,10,Table 4
WA,2018-12,WSH,restoration,inpatient,74.0,66.0,46.7,28.5,27.0,30.0,33.0,Trueblood-Report-2020-01.pdf,(local) Trueblood-Report-2020-01.pdf,9eb8848df148,10,Table 4a
WA,2019-01,WSH,restoration,inpatient,82.0,82.0,51.7,42.0,27.0,28.0,28.0,Trueblood-Report-2020-02.pdf,(local) Trueblood-Report-2020-02.pdf,2a357dc93979,11,Table 4a
WA,2019-02,WSH,restoration,inpatient,85.0,83.0,47.5,41.0,22.0,25.0,25.0,Trueblood-Report-2020-02.pdf,(local) Trueblood-Report-2020-02.pdf,2a357dc93979,11,Table 4a
WA,2019-03,WSH,restoration,inpatient,88.0,110.0,38.7,31.5,19.0,20.0,22.0,Trueblood-Report-2020-02.pdf,(local) Trueblood-Report-2020-02.pdf,2a357dc93979,11,Table 4a
WA,2019-04,WSH,restoration,inpatient,93.0,67.0,35.3,35.0,30.0,30.0,30.0,Trueblood-Report-2020-02.pdf,(local) Trueblood-Report-2020-02.pdf,2a357dc93979,11,Table 4a
WA,2019-05,WSH,restoration,inpatient,81.0,85.0,39.2,35.0,21.0,21.0,21.0,Trueblood-Report-2020-06.pdf,(local) Trueblood-Report-2020-06.pdf,99295309355d,13,Table 4a
WA,2019-06,WSH,restoration,inpatient,82.0,107.0,46.0,49.0,18.0,19.0,20.0,Trueblood-Report-2020-07.pdf,(local) Trueblood-Report-2020-07.pdf,7f9e598ef9df,13,Table 4a
WA,2019-07,WSH,restoration,inpatient,59.0,65.0,35.1,29.0,29.0,28.0,29.0,Trueblood-Report-2020-07.pdf,(local) Trueblood-Report-2020-07.pdf,7f9e598ef9df,13,Table 4a
WA,2019-08,WSH,restoration,inpatient,76.0,68.0,41.4,45.5,24.0,25.0,26.0,Trueblood-Report-2020-07.pdf,(local) Trueblood-Report-2020-07.pdf,7f9e598ef9df,13,Table 4a
WA,2019-09,WSH,restoration,inpatient,73.0,78.0,43.3,42.0,21.0,23.0,23.0,Trueblood-Report-2020-10.pdf,(local) Trueblood-Report-2020-10.pdf,2bedf0f4cfff,15,Table 4a
WA,2019-10,WSH,restoration,inpatient,100.0,100.0,32.4,29.0,29.0,31.0,31.0,Trueblood-Report-2020-11.pdf,(local) Trueblood-Report-2020-11.pdf,595ab0efa441,15,Table 4a
WA,2019-11,WSH,restoration,inpatient,64.0,68.0,29.3,24.0,25.0,26.0,28.0,Trueblood-Report-2020-12.pdf,(local) Trueblood-Report-2020-12.pdf,197278ce3fbf,14,Table 4a
WA,2019-12,WSH,restoration,inpatient,82.0,81.0,32.1,36.0,31.0,33.0,35.0,Trueblood-Report-2021-01.pdf,(local) Trueblood-Report-2021-01.pdf,ee5f4e460f7b,14,Table 4a
WA,2020-01,WSH,restoration,inpatient,58.0,68.0,40.0,38.5,15.0,18.0,18.0,Trueblood-Report-2021-02.pdf,(local) Trueblood-Report-2021-02.pdf,b54a5a28745c,13,Table 4a
WA,2020-02,WSH,restoration,inpatient,61.0,56.0,39.9,41.5,9.0,11.0,11.0,Trueblood-Report-2021-03.pdf,(local) Trueblood-Report-2021-03.pdf,6b2aa713e0fb,13,Table 4a
WA,2020-03,WSH,restoration,inpatient,57.0,59.0,25.6,23.0,12.0,14.0,15.0,Trueblood-Report-2021-04.pdf,(local) Trueblood-Report-2021-04.pdf,4b588bfa8cf2,13,Table 4a
WA,2020-04,WSH,restoration,inpatient,41.0,29.0,41.2,34.0,14.0,14.0,14.0,Trueblood-Report-2021-05.pdf,(local) Trueblood-Report-2021-05.pdf,0cb3da8cda63,13,Table 4a
WA,2020-05,WSH,restoration,inpatient,30.0,25.0,63.6,43.0,0.0,0.0,0.0,Trueblood-Report-2021-06.pdf,(local) Trueblood-Report-2021-06.pdf,aecc13a6d1dc,13,Table 4a
WA,2020-06,WSH,restoration,inpatient,39.0,41.0,89.8,87.0,2.0,2.0,2.0,Trueblood-Report-2021-07.pdf,(local) Trueblood-Report-2021-07.pdf,5d748b19d1a9,13,Table 4a
WA,2020-07,WSH,restoration,inpatient,57.0,43.0,36.9,22.0,7.0,7.0,19.0,Trueblood-Report-2021-07.pdf,(local) Trueblood-Report-2021-07.pdf,5d748b19d1a9,13,Table 4a
WA,2020-08,WSH,restoration,inpatient,52.0,64.0,84.2,85.5,6.0,6.0,6.0,Trueblood-Report-2021-09.pdf,(local) Trueblood-Report-2021-09.pdf,19b1ac35a2cc,13,Table 4a
WA,2020-09,WSH,restoration,inpatient,55.0,58.0,59.2,51.5,7.0,7.0,9.0,Trueblood-Report-2021-10.pdf,(local) Trueblood-Report-2021-10.pdf,97de982233a3,13,Table 4a
WA,2020-10,WSH,restoration,inpatient,95.0,63.0,43.3,32.0,14.0,14.0,16.0,Trueblood-Report-2021-11.pdf,(local) Trueblood-Report-2021-11.pdf,a4ddd236f8ce,13,Table 4a
WA,2020-11,WSH,restoration,inpatient,67.0,78.0,45.3,32.0,12.0,9.0,12.0,Trueblood-Report-2021-12.pdf,(local) Trueblood-Report-2021-12.pdf,84321c2e419d,13,Table 4a
WA,2020-12,WSH,restoration,inpatient,59.0,61.0,37.1,37.0,11.0,13.0,13.0,Trueblood-Report-2022-01.pdf,(local) Trueblood-Report-2022-01.pdf,80a1c9a9027a,13,Table 4a
WA,2021-01,WSH,restoration,inpatient,54.0,59.0,60.6,64.0,3.0,3.0,5.0,Trueblood-Report-2022-02.pdf,(local) Trueblood-Report-2022-02.pdf,7e0983577785,14,Table 4a
WA,2021-02,WSH,restoration,inpatient,86.0,70.0,46.3,29.0,23.0,23.0,23.0,Trueblood-Report-2022-03.pdf,(local) Trueblood-Report-2022-03.pdf,758295511742,14,Table 4a
WA,2021-03,WSH,restoration,inpatient,69.0,103.0,55.7,47.0,9.0,11.0,12.0,Trueblood-Report-2022-03.pdf,(local) Trueblood-Report-2022-03.pdf,758295511742,14,Table 4a
WA,2021-04,WSH,restoration,inpatient,79.0,89.0,40.5,47.0,11.0,12.0,12.0,Trueblood-Report-2022-05.pdf,(local) Trueblood-Report-2022-05.pdf,6fa242a431c7,14,Table 4a
WA,2021-05,WSH,restoration,inpatient,73.0,70.0,26.4,33.5,20.0,20.0,23.0,Trueblood-Report-2022-06.pdf,(local) Trueblood-Report-2022-06.pdf,fac7ad731caf,14,Table 4a
WA,2021-06,WSH,restoration,inpatient,64.0,69.0,39.1,42.0,4.0,9.0,9.0,Trueblood-Report-2022-07.pdf,(local) Trueblood-Report-2022-07.pdf,1ed794b880ce,14,Table 4a
WA,2021-07,WSH,restoration,inpatient,107.0,76.0,37.1,39.5,8.0,8.0,8.0,Trueblood-Report-2022-08.pdf,(local) Trueblood-Report-2022-08.pdf,76874be56410,14,Table 4a
WA,2021-08,WSH,restoration,inpatient,96.0,78.0,32.6,30.0,9.0,9.0,10.0,Trueblood-Report-2022-09.pdf,(local) Trueblood-Report-2022-09.pdf,74671e617b2c,14,Table 4a
WA,2021-09,WSH,restoration,inpatient,134.0,70.0,35.9,35.0,14.0,16.0,17.0,Trueblood-Report-2022-10.pdf,(local) Trueblood-Report-2022-10.pdf,625cf77b4b24,14,Table 4a
WA,2021-10,WSH,restoration,inpatient,123.0,119.0,44.9,49.0,7.0,8.0,10.0,Trueblood-Report-2022-10.pdf,(local) Trueblood-Report-2022-10.pdf,625cf77b4b24,14,Table 4a
WA,2021-11,WSH,restoration,inpatient,101.0,108.0,51.6,64.0,9.0,11.0,11.0,Trueblood-Report-2022-10.pdf,(local) Trueblood-Report-2022-10.pdf,625cf77b4b24,14,Table 4a
WA,2021-12,WSH,restoration,inpatient,125.0,140.0,50.8,62.0,10.0,10.0,10.0,Trueblood-Report-2023-01.pdf,(local) Trueblood-Report-2023-01.pdf,3a0d5b251edc,14,Table 4a
WA,2022-01,WSH,restoration,inpatient,109.0,87.0,46.3,47.0,6.0,9.0,11.0,Trueblood-Report-2023-02.pdf,(local) Trueblood-Report-2023-02.pdf,7009c637f545,14,Table 4a
WA,2022-02,WSH,restoration,inpatient,121.0,102.0,46.9,49.0,6.0,6.0,6.0,Trueblood-Report-2023-02.pdf,(local) Trueblood-Report-2023-02.pdf,7009c637f545,14,Table 4a
WA,2022-03,WSH,restoration,inpatient,111.0,116.0,57.3,69.0,9.0,9.0,9.0,Trueblood-Report-2023-04.pdf,(local) Trueblood-Report-2023-04.pdf,1a09abe029a9,14,Table 4a
WA,2022-04,WSH,restoration,inpatient,119.0,67.0,53.1,50.0,3.0,3.0,3.0,Trueblood-Report-2023-05.pdf,(local) Trueblood-Report-2023-05.pdf,485d112f4341,14,Table 4a
WA,2022-05,WSH,restoration,inpatient,115.0,70.0,55.7,53.5,7.0,9.0,9.0,Trueblood-Report-2023-06.pdf,(local) Trueblood-Report-2023-06.pdf,69cb8ee59778,15,Table 4a
WA,2022-06,WSH,restoration,inpatient,114.0,77.0,65.9,70.0,8.0,8.0,8.0,Trueblood-Report-2023-06.pdf,(local) Trueblood-Report-2023-06.pdf,69cb8ee59778,15,Table 4a
WA,2022-07,WSH,restoration,inpatient,92.0,91.0,76.2,65.0,4.0,4.0,4.0,Trueblood-Report-2023-08.pdf,(local) Trueblood-Report-2023-08.pdf,db59247b803f,15,Table 4a
WA,2022-08,WSH,restoration,inpatient,144.0,96.0,67.9,63.5,8.0,9.0,10.0,Trueblood-Report-2023-09.pdf,(local) Trueblood-Report-2023-09.pdf,f8377cdfa1b9,15,Table 4a
WA,2022-09,WSH,restoration,inpatient,96.0,70.0,61.7,43.0,7.0,7.0,7.0,Trueblood-Report-2023-10.pdf,(local) Trueblood-Report-2023-10.pdf,f047e00db7ce,15,Table 4a
WA,2022-10,WSH,restoration,inpatient,91.0,104.0,76.0,54.0,4.0,4.0,5.0,Trueblood-Report-2023-11.pdf,(local) Trueblood-Report-2023-11.pdf,15755243894b,15,Table 4a
WA,2022-11,WSH,restoration,inpatient,89.0,74.0,106.3,89.0,7.0,7.0,7.0,Trueblood-Report-2023-12.pdf,(local) Trueblood-Report-2023-12.pdf,5bbaa732398b,15,Table 4a
WA,2022-12,WSH,restoration,inpatient,88.0,81.0,96.9,72.0,0.0,0.0,6.0,Trueblood-Report-2024-01.pdf,(local) Trueblood-Report-2024-01.pdf,8133c8ee7330,15,Table 4a
WA,2023-01,WSH,restoration,inpatient,76.0,91.0,111.3,74.0,3.0,3.0,3.0,Trueblood-Report-2024-02.pdf,(local) Trueblood-Report-2024-02.pdf,fd865b0cb050,15,Table 4a
WA,2023-02,WSH,restoration,inpatient,87.0,111.0,157.7,148.0,5.0,5.0,9.0,Trueblood-Report-2024-03.pdf,(local) Trueblood-Report-2024-03.pdf,549e58928e44,15,Table 4a
WA,2023-03,WSH,restoration,inpatient,113.0,129.0,117.2,80.0,9.0,9.0,9.0,Trueblood-Report-2024-04.pdf,(local) Trueblood-Report-2024-04.pdf,5636183a032d,15,Table 4a
WA,2023-04,WSH,restoration,inpatient,83.0,104.0,158.8,164.5,3.0,3.0,5.0,Trueblood-Report-2024-05.pdf,(local) Trueblood-Report-2024-05.pdf,ca3168328dcc,15,Table 4a
WA,2023-05,WSH,restoration,inpatient,89.0,186.0,153.4,189.0,6.0,6.0,7.0,Trueblood-Report-2024-06.pdf,(local) Trueblood-Report-2024-06.pdf,58591efc1214,15,Table 4a
WA,2023-06,WSH,restoration,inpatient,114.0,129.0,88.4,79.0,8.0,8.0,9.0,Trueblood-Report-2024-06.pdf,(local) Trueblood-Report-2024-06.pdf,58591efc1214,15,Table 4a
WA,2023-07,WSH,restoration,inpatient,93.0,114.0,79.8,73.0,5.0,5.0,11.0,Trueblood-Report-2024-08.pdf,(local) Trueblood-Report-2024-08.pdf,14009159338a,15,Table 4a
WA,2023-08,WSH,restoration,inpatient,119.0,172.0,64.2,71.0,5.0,8.0,9.0,Trueblood-Report-2024-09.pdf,(local) Trueblood-Report-2024-09.pdf,3bfc640f8b9d,15,Table 4a
WA,2023-09,WSH,restoration,inpatient,94.0,137.0,48.2,55.0,9.0,9.0,9.0,Trueblood-Report-2024-10.pdf,(local) Trueblood-Report-2024-10.pdf,46d3b90ae09f,16,Table 4a
WA,2023-10,WSH,restoration,inpatient,100.0,135.0,33.0,31.0,7.0,7.0,8.0,Trueblood-Report-2024-11.pdf,(local) Trueblood-Report-2024-11.pdf,53aaf66ede40,16,Table 5a
WA,2023-11,WSH,restoration,inpatient,92.0,90.0,30.3,31.0,8.0,9.0,12.0,Trueblood-Report-2024-12.pdf,(local) Trueblood-Report-2024-12.pdf,faf2ed19cc54,18,Table 5a
WA,2023-12,WSH,restoration,inpatient,91.0,89.0,26.5,30.0,6.0,9.0,11.0,Trueblood-Report-2025-01.pdf,(local) Trueblood-Report-2025-01.pdf,901f55094ef0,18,Table 5a
WA,2024-01,WSH,restoration,inpatient,95.0,146.0,19.2,20.0,16.0,18.0,18.0,Trueblood-Report-2025-02.pdf,(local) Trueblood-Report-2025-02.pdf,265ae906e2cb,18,Table 5a
WA,2024-02,WSH,restoration,inpatient,105.0,87.0,12.6,12.0,16.0,18.0,20.0,Trueblood-Report-2025-03.pdf,(local) Trueblood-Report-2025-03.pdf,07ce04aa2201,18,Table 5a
WA,2024-03,WSH,restoration,inpatient,82.0,114.0,10.0,10.0,33.0,36.0,38.0,Trueblood-Report-2025-04.pdf,(local) Trueblood-Report-2025-04.pdf,ccf190df18c8,18,Table 5a
WA,2024-04,WSH,restoration,inpatient,121.0,116.0,5.3,6.0,87.0,90.0,97.0,Trueblood-Report-2025-05.pdf,(local) Trueblood-Report-2025-05.pdf,3476aedc530f,18,Table 5a
WA,2024-05,WSH,restoration,inpatient,152.0,133.0,5.2,5.0,88.0,89.0,95.0,Trueblood-Report-2025-06.pdf,(local) Trueblood-Report-2025-06.pdf,eb0f8715a502,18,Table 5a
WA,2024-06,WSH,restoration,inpatient,91.0,103.0,6.5,6.0,83.0,86.0,94.0,Trueblood-Report-2025-07.pdf,(local) Trueblood-Report-2025-07.pdf,3593428da632,18,Table 5a
WA,2024-07,WSH,restoration,inpatient,146.0,141.0,5.2,6.0,93.0,96.0,98.0,Trueblood-Report-2025-08.pdf,(local) Trueblood-Report-2025-08.pdf,4e61c15429a2,19,Table 5a
WA,2024-08,WSH,restoration,inpatient,131.0,138.0,5.7,6.0,94.0,95.0,97.0,Trueblood-Report-2025-09.pdf,(local) Trueblood-Report-2025-09.pdf,b967b422d8e7,20,Table 5a
WA,2024-09,WSH,restoration,inpatient,117.0,110.0,6.4,6.0,95.0,96.0,98.0,Trueblood-Report-2025-10.pdf,(local) Trueblood-Report-2025-10.pdf,576a95fe6dda,20,Table 5a
WA,2024-10,WSH,restoration,inpatient,124.0,131.0,6.0,6.0,92.0,95.0,96.0,Trueblood-Report-2025-11.pdf,(local) Trueblood-Report-2025-11.pdf,c4932d189f27,20,Table 5a
WA,2024-11,WSH,restoration,inpatient,103.0,111.0,6.5,7.0,80.0,92.0,93.0,Trueblood-Report-2025-12.pdf,(local) Trueblood-Report-2025-12.pdf,c2cca9e44936,20,Table 5a
WA,2024-12,WSH,restoration,inpatient,125.0,125.0,5.9,6.0,84.0,90.0,94.0,Trueblood-Report-2026-01.pdf,(local) Trueblood-Report-2026-01.pdf,7c0ee14e8083,20,Table 5a
WA,2025-01,WSH,restoration,inpatient,132.0,124.0,6.6,6.0,89.0,94.0,97.0,Trueblood-Report-2026-02.pdf,(local) Trueblood-Report-2026-02.pdf,62cb0b228080,20,Table 5a
WA,2025-02,WSH,restoration,inpatient,98.0,94.0,5.6,6.0,90.0,95.0,98.0,Trueblood-Report-2026-03.pdf,(local) Trueblood-Report-2026-03.pdf,f84492e7b4b1,21,Table 5a
WA,2025-03,WSH,restoration,inpatient,131.0,134.0,5.2,5.0,96.0,99.0,99.0,Trueblood-Report-2026-04.pdf,(local) Trueblood-Report-2026-04.pdf,bb022575e7bf,21,Table 5a
WA,2025-04,WSH,restoration,inpatient,136.0,152.0,4.3,4.0,97.0,97.0,100.0,Trueblood-Report-2026-05.pdf,(local) Trueblood-Report-2026-05.pdf,8494818a4829,20,Table 5a
WA,2025-05,WSH,restoration,inpatient,137.0,130.0,4.9,5.0,95.0,96.0,99.0,Trueblood-Report-2026-06.pdf,(local) Trueblood-Report-2026-06.pdf,1f7fce53996c,20,Table 5a
WA,2025-06,WSH,restoration,inpatient,115.0,123.0,4.7,5.0,94.0,96.0,99.0,Trueblood-Report-2026-06.pdf,(local) Trueblood-Report-2026-06.pdf,1f7fce53996c,20,Table 5a
WA,2025-07,WSH,restoration,inpatient,155.0,129.0,4.6,5.0,92.0,93.0,97.0,Trueblood-Report-2026-06.pdf,(local) Trueblood-Report-2026-06.pdf,1f7fce53996c,20,Table 5a
WA,2025-08,WSH,restoration,inpatient,111.0,131.0,5.0,5.0,95.0,95.0,99.0,Trueblood-Report-2026-06.pdf,(local) Trueblood-Report-2026-06.pdf,1f7fce53996c,20,Table 5a
WA,2025-09,WSH,restoration,inpatient,135.0,128.0,4.4,5.0,95.0,95.0,100.0,Trueblood-Report-2026-06.pdf,(local) Trueblood-Report-2026-06.pdf,1f7fce53996c,20,Table 5a
WA,2025-10,WSH,restoration,inpatient,145.0,144.0,4.4,4.0,97.0,99.0,99.0,Trueblood-Report-2026-06.pdf,(local) Trueblood-Report-2026-06.pdf,1f7fce53996c,20,Table 5a
WA,2025-11,WSH,restoration,inpatient,123.0,122.0,5.2,6.0,98.0,100.0,100.0,Trueblood-Report-2026-06.pdf,(local) Trueblood-Report-2026-06.pdf,1f7fce53996c,20,Table 5a
WA,2025-12,WSH,restoration,inpatient,131.0,128.0,5.0,5.0,91.0,94.0,98.0,Trueblood-Report-2026-06.pdf,(local) Trueblood-Report-2026-06.pdf,1f7fce53996c,20,Table 5a
WA,2026-01,WSH,restoration,inpatient,107.0,109.0,5.1,5.0,93.0,94.0,97.0,Trueblood-Report-2026-06.pdf,(local) Trueblood-Report-2026-06.pdf,1f7fce53996c,20,Table 5a
WA,2026-02,WSH,restoration,inpatient,128.0,127.0,5.6,5.0,95.0,96.0,98.0,Trueblood-Report-2026-06.pdf,(local) Trueblood-Report-2026-06.pdf,1f7fce53996c,20,Table 5a
WA,2026-03,WSH,restoration,inpatient,133.0,141.0,4.9,5.0,93.0,94.0,98.0,Trueblood-Report-2026-06.pdf,(local) Trueblood-Report-2026-06.pdf,1f7fce53996c,20,Table 5a
WA,2026-04,WSH,restoration,inpatient,109.0,109.0,4.2,5.0,97.0,98.0,99.0,Trueblood-Report-2026-06.pdf,(local) Trueblood-Report-2026-06.pdf,1f7fce53996c,20,Table 5a
WA,2026-05,WSH,restoration,inpatient,114.0,109.0,4.8,5.0,98.0,99.0,100.0,Trueblood-Report-2026-06.pdf,(local) Trueblood-Report-2026-06.pdf,1f7fce53996c,20,Table 5a
